glyph_name,ps_name,USV,DesignerOrder,fonts,bcp47tags,OTLang,Feat
.notdef,.notdef,,0,*,,,
.null,.null,,1,*,,,
nonmarkingreturn,nonmarkingreturn,,2,*,,,
space,space,0020,3,*,,,
tab,tab,,4,*,,,
exclam,exclam,0021,5,*,,,
quotedbl,quotedbl,0022,7,*,,,
numbersign,numbersign,0023,8,*,,,
dollar,dollar,0024,9,*,,,
percent,percent,0025,10,*,,,
ampersand,ampersand,0026,11,*,,,
quotesingle,quotesingle,0027,12,*,,,
parenleft,parenleft,0028,13,*,,,
parenright,parenright,0029,15,*,,,
asterisk,asterisk,002A,17,*,,,
plus,plus,002B,19,*,,,
comma,comma,002C,20,*,,,
hyphentwo,uni2010,2010,21,*,,,
hyphen,hyphen,002D,22,*,,,
period,period,002E,23,*,,,
period.test,period.test,,24,*,,,
slash,slash,002F,25,*,,,
zero,zero,0030,26,*,,,
zero.medium,zero.medium,,27,*,,,
zero.small,zero.small,,28,*,,,
one,one,0031,29,*,,,
one.medium,one.medium,,30,*,,,
one.small,one.small,,31,*,,,
two,two,0032,32,*,,,
two.medium,two.medium,,33,*,,,
two.small,two.small,,34,*,,,
three,three,0033,35,*,,,
three.medium,three.medium,,36,*,,,
three.small,three.small,,37,*,,,
four,four,0034,38,*,,,
four.medium,four.medium,,39,*,,,
four.small,four.small,,40,*,,,
five,five,0035,41,*,,,
five.medium,five.medium,,42,*,,,
five.small,five.small,,43,*,,,
six,six,0036,44,*,,,
six.medium,six.medium,,45,*,,,
six.small,six.small,,46,*,,,
seven,seven,0037,47,*,,,
seven.medium,seven.medium,,48,*,,,
seven.small,seven.small,,49,*,,,
eight,eight,0038,50,*,,,
eight.medium,eight.medium,,51,*,,,
eight.small,eight.small,,52,*,,,
nine,nine,0039,53,*,,,
nine.medium,nine.medium,,54,*,,,
nine.small,nine.small,,55,*,,,
colon,colon,003A,56,*,,,
semicolon,semicolon,003B,58,*,,,
less,less,003C,59,*,,,
equal,equal,003D,60,*,,,
greater,greater,003E,61,*,,,
question,question,003F,62,*,,,
at,at,0040,63,*,,,
A,A,0041,64,*,,,
B,B,0042,65,*,,,
C,C,0043,66,*,,,
D,D,0044,67,*,,,
E,E,0045,68,*,,,
F,F,0046,69,*,,,
G,G,0047,70,*,,,
H,H,0048,71,*,,,
I,I,0049,72,*,,,
J,J,004A,73,*,,,
K,K,004B,74,*,,,
L,L,004C,75,*,,,
M,M,004D,76,*,,,
N,N,004E,77,*,,,
O,O,004F,78,*,,,
P,P,0050,79,*,,,
Q,Q,0051,80,*,,,
R,R,0052,81,*,,,
S,S,0053,82,*,,,
T,T,0054,83,*,,,
U,U,0055,84,*,,,
V,V,0056,85,*,,,
W,W,0057,86,*,,,
X,X,0058,87,*,,,
Y,Y,0059,88,*,,,
Z,Z,005A,89,*,,,
bracketleft,bracketleft,005B,90,*,,,
bracketright,bracketright,005D,91,*,,,
backslash,backslash,005C,92,*,,,
underscore,underscore,005F,93,*,,,
a,a,0061,94,*,,,
b,b,0062,95,*,,,
c,c,0063,96,*,,,
d,d,0064,97,*,,,
e,e,0065,98,*,,,
f,f,0066,99,*,,,
g,g,0067,100,*,,,
h,h,0068,101,*,,,
i,i,0069,102,*,,,
j,j,006A,103,*,,,
k,k,006B,104,*,,,
l,l,006C,105,*,,,
m,m,006D,106,*,,,
n,n,006E,107,*,,,
o,o,006F,108,*,,,
p,p,0070,109,*,,,
q,q,0071,110,*,,,
r,r,0072,111,*,,,
s,s,0073,112,*,,,
t,t,0074,113,*,,,
u,u,0075,114,*,,,
v,v,0076,115,*,,,
w,w,0077,116,*,,,
x,x,0078,117,*,,,
y,y,0079,118,*,,,
z,z,007A,119,*,,,
braceleft,braceleft,007B,120,*,,,
braceright,braceright,007D,121,*,,,
bar,bar,007C,122,*,,,
asciitilde,asciitilde,007E,123,*,,,
nbspace,uni00A0,00A0,124,*,,,
exclamdown,exclamdown,00A1,125,*,,,
cent,cent,00A2,126,*,,,
sterling,sterling,00A3,127,*,,,
currency,currency,00A4,128,*,,,
yen,yen,00A5,129,*,,,
brokenbar,brokenbar,00A6,130,*,,,
section,section,00A7,131,*,,,
copyright,copyright,00A9,132,*,,,
registered,registered,00AE,133,*,,,
ordfeminine,ordfeminine,00AA,134,*,,,
guillemetleft,guillemotleft,00AB,135,*,,,
logicalnot,logicalnot,00AC,136,*,,,
softhyphen,uni00AD,00AD,137,*,,,
degree,degree,00B0,138,*,,,
plusminus,plusminus,00B1,139,*,,,
asciicircum,asciicircum,005E,140,*,,,
micro,uni00B5,00B5,141,*,,,
paragraph,paragraph,00B6,142,*,,,
periodcentered,periodcentered,00B7,143,*,,,
ordmasculine,ordmasculine,00BA,144,*,,,
guillemetright,guillemotright,00BB,145,*,,,
onesuperior,onesuperior,00B9,146,*,,,
twosuperior,twosuperior,00B2,147,*,,,
threesuperior,threesuperior,00B3,148,*,,,
onehalf,onehalf,00BD,149,*,,,
onequarter,onequarter,00BC,150,*,,,
threequarters,threequarters,00BE,151,*,,,
questiondown,questiondown,00BF,152,*,,,
Agrave,Agrave,00C0,153,*,,,
Aacute,Aacute,00C1,154,*,,,
Acircumflex,Acircumflex,00C2,155,*,,,
Atilde,Atilde,00C3,156,*,,,
Adieresis,Adieresis,00C4,157,*,,,
Aring,Aring,00C5,158,*,,,
AE,AE,00C6,159,*,,,
Ccedilla,Ccedilla,00C7,160,*,,,
Egrave,Egrave,00C8,161,*,,,
Eacute,Eacute,00C9,162,*,,,
Ecircumflex,Ecircumflex,00CA,163,*,,,
Edieresis,Edieresis,00CB,164,*,,,
Igrave,Igrave,00CC,165,*,,,
Iacute,Iacute,00CD,166,*,,,
Icircumflex,Icircumflex,00CE,167,*,,,
Idieresis,Idieresis,00CF,168,*,,,
Eth,Eth,00D0,169,*,,,
Ntilde,Ntilde,00D1,170,*,,,
Ograve,Ograve,00D2,171,*,,,
Oacute,Oacute,00D3,172,*,,,
Ocircumflex,Ocircumflex,00D4,173,*,,,
Otilde,Otilde,00D5,174,*,,,
Odieresis,Odieresis,00D6,175,*,,,
multiply,multiply,00D7,176,*,,,
Oslash,Oslash,00D8,177,*,,,
Ugrave,Ugrave,00D9,178,*,,,
Uacute,Uacute,00DA,179,*,,,
Ucircumflex,Ucircumflex,00DB,180,*,,,
Udieresis,Udieresis,00DC,181,*,,,
Yacute,Yacute,00DD,182,*,,,
Thorn,Thorn,00DE,183,*,,,
germandbls,germandbls,00DF,184,*,,,
agrave,agrave,00E0,185,*,,,
aacute,aacute,00E1,186,*,,,
acircumflex,acircumflex,00E2,187,*,,,
atilde,atilde,00E3,188,*,,,
adieresis,adieresis,00E4,189,*,,,
aring,aring,00E5,190,*,,,
ae,ae,00E6,191,*,,,
ccedilla,ccedilla,00E7,192,*,,,
egrave,egrave,00E8,193,*,,,
eacute,eacute,00E9,194,*,,,
ecircumflex,ecircumflex,00EA,195,*,,,
edieresis,edieresis,00EB,196,*,,,
igrave,igrave,00EC,197,*,,,
iacute,iacute,00ED,198,*,,,
icircumflex,icircumflex,00EE,199,*,,,
idieresis,idieresis,00EF,200,*,,,
eth,eth,00F0,201,*,,,
ntilde,ntilde,00F1,202,*,,,
ograve,ograve,00F2,203,*,,,
oacute,oacute,00F3,204,*,,,
ocircumflex,ocircumflex,00F4,205,*,,,
otilde,otilde,00F5,206,*,,,
odieresis,odieresis,00F6,207,*,,,
divide,divide,00F7,208,*,,,
oslash,oslash,00F8,209,*,,,
ugrave,ugrave,00F9,210,*,,,
uacute,uacute,00FA,211,*,,,
ucircumflex,ucircumflex,00FB,212,*,,,
udieresis,udieresis,00FC,213,*,,,
yacute,yacute,00FD,214,*,,,
thorn,thorn,00FE,215,*,,,
ydieresis,ydieresis,00FF,216,*,,,
idotless,dotlessi,0131,217,*,,,
OE,OE,0152,218,*,,,
oe,oe,0153,219,*,,,
Scaron,Scaron,0160,220,*,,,
scaron,scaron,0161,221,*,,,
Ydieresis,Ydieresis,0178,222,*,,,
Zcaron,Zcaron,017D,223,*,,,
zcaron,zcaron,017E,224,*,,,
florin,florin,0192,225,*,,,
colontriangularmod,uni02D0,02D0,226,*,,,
grave,grave,0060,227,*,,,
macron,macron,00AF,228,*,,,
dieresis,dieresis,00A8,229,*,,,
acute,acute,00B4,230,*,,,
cedilla,cedilla,00B8,231,*,,,
circumflex,circumflex,02C6,232,*,,,
caron,caron,02C7,233,*,,,
firsttonechinese,uni02C9,02C9,234,*,,,
breve,breve,02D8,235,*,,,
dotaccent,dotaccent,02D9,236,*,,,
ring,ring,02DA,237,*,,,
ogonek,ogonek,02DB,238,*,,,
tilde,tilde,02DC,239,*,,,
hungarumlaut,hungarumlaut,02DD,240,*,,,
graphemejoinercomb,uni034F,034F,241,*,,,invs
pi,pi,03C0,242,*,,,
hamza-ar,uni0621,0621,243,*,,,
highhamza-ar,uni0674,0674,244,SHLM,,,
alef-ar,uni0627,0627,245,*,,,
alef-ar.fina,uni0627.fina,,246,*,,,
alef-ar.postLamIni.fina,uni0627.postLamIni.fina,,247,*,,,
alef-ar.postLamMed.fina,uni0627.postLamMed.fina,,248,*,,,
alefHamzaabove-ar,uni0623,0623,249,SHLM,,,
alefHamzaabove-ar.fina,uni0623.fina,,250,SHLM,,,
alefHamzaabove-ar.postLamIni.fina,uni0623.postLamIni.fina,,251,SHLM,,,
alefHamzaabove-ar.postLamMed.fina,uni0623.postLamMed.fina,,252,SHLM,,,
alefHamzaabove-ar.warsh,uni0623.warsh,,253,H,,,"cv02=1,2"
alefHamzaabove-ar.warsh.fina,uni0623.warsh.fina,,254,H,,,"cv02=1,2"
alefHamzabelow-ar,uni0625,0625,257,SHLM,,,
alefHamzabelow-ar.fina,uni0625.fina,,258,SHLM,,,
alefHamzabelow-ar.postLamIni.fina,uni0625.postLamIni.fina,,259,SHLM,,,
alefHamzabelow-ar.postLamMed.fina,uni0625.postLamMed.fina,,260,SHLM,,,
alefHamzabelow-ar.warsh,uni0625.warsh,,261,H,,,"cv02=1,2"
alefHamzabelow-ar.warsh.fina,uni0625.warsh.fina,,262,H,,,"cv02=1,2"
alefWavyhamzaabove-ar,uni0672,0672,263,SHL,,,
alefWavyhamzaabove-ar.fina,uni0672.fina,,264,SHL,,,
alefWavyhamzaabove-ar.postLamIni.fina,uni0672.postLamIni.fina,,265,SHL,,,
alefWavyhamzaabove-ar.postLamMed.fina,uni0672.postLamMed.fina,,266,SHL,,,
alefWavyhamzabelow-ar,uni0673,0673,267,SHL,,,
alefWavyhamzabelow-ar.fina,uni0673.fina,,268,SHL,,,
alefWavyhamzabelow-ar.postLamIni.fina,uni0673.postLamIni.fina,,269,SHL,,,
alefWavyhamzabelow-ar.postLamMed.fina,uni0673.postLamMed.fina,,270,SHL,,,
alefMadda-ar,uni0622,0622,271,SHLM,,,
alefMadda-ar.fina,uni0622.fina,,272,SHLM,,,
alefMadda-ar.postLamIni.fina,uni0622.postLamIni.fina,,273,SHLM,,,
alefMadda-ar.postLamMed.fina,uni0622.postLamMed.fina,,274,SHLM,,,
alefMadda-ar.small,uni0622.small,,275,SH,,,cv60=1
alefMadda-ar.small.fina,uni0622.small.fina,,276,SH,,,cv60=1
alefMadda-ar.postLamIni.small.fina,uni0622.postLamIni.small.fina,,277,SH,,,cv60=1
alefMadda-ar.postLamMed.small.fina,uni0622.postLamMed.small.fina,,278,SH,,,cv60=1
alefWasla-ar,uni0671,0671,279,SHL,,,
alefWasla-ar.fina,uni0671.fina,,280,SHL,,,
alefWasla-ar.postLamIni.fina,uni0671.postLamIni.fina,,281,SHL,,,
alefWasla-ar.postLamMed.fina,uni0671.postLamMed.fina,,282,SHL,,,
highhamzaAlef-ar,uni0675,0675,283,SHL,,,
highhamzaAlef-ar.fina,uni0675.fina,,284,SHL,,,
highhamzaAlef-ar.postLamIni.fina,uni0675.postLamIni.fina,,285,SHL,,,
highhamzaAlef-ar.postLamMed.fina,uni0675.postLamMed.fina,,286,SHL,,,
alefTwoabove-ar,uni0773,0773,287,SH,,,
alefTwoabove-ar.fina,uni0773.fina,,288,SH,,,
alefTwoabove-ar.postLamIni.fina,uni0773.postLamIni.fina,,289,SH,,,
alefTwoabove-ar.postLamMed.fina,uni0773.postLamMed.fina,,290,SH,,,
alefThreeabove-ar,uni0774,0774,291,SH,,,
alefThreeabove-ar.fina,uni0774.fina,,292,SH,,,
alefThreeabove-ar.postLamIni.fina,uni0774.postLamIni.fina,,293,SH,,,
alefThreeabove-ar.postLamMed.fina,uni0774.postLamMed.fina,,294,SH,,,
alef_fatha-ar,uni0627064E,0627 064E,295,H,,,
alef_fatha-ar.warsh,uni0627064E.warsh,,296,H,,,cv02=2
alef_kasra-ar,uni06270650,0627 0650,297,H,,,
alef_kasra-ar.warsh,uni06270650.warsh,,298,H,,,cv02=2
behDotless-ar,uni066E,066E,299,*,,,
behDotless-ar.fina,uni066E.fina,,300,*,,,
behDotless-ar.medi,uni066E.medi,,301,*,,,
behDotless-ar.init,uni066E.init,,302,*,,,
beh-ar,uni0628,0628,303,SHLM,,,
beh-ar.fina,uni0628.fina,,304,SHLM,,,
beh-ar.medi,uni0628.medi,,305,SHLM,,,
beh-ar.init,uni0628.init,,306,SHLM,,,
peh-ar,uni067E,067E,307,SHLM,,,
peh-ar.fina,uni067E.fina,,308,SHLM,,,
peh-ar.medi,uni067E.medi,,309,SHLM,,,
peh-ar.init,uni067E.init,,310,SHLM,,,
beeh-ar,uni067B,067B,311,SHLM,,,
beeh-ar.fina,uni067B.fina,,312,SHLM,,,
beeh-ar.medi,uni067B.medi,,313,SHLM,,,
beeh-ar.init,uni067B.init,,314,SHLM,,,
beheh-ar,uni0680,0680,315,SHL,,,
beheh-ar.fina,uni0680.fina,,316,SHL,,,
beheh-ar.medi,uni0680.medi,,317,SHL,,,
beheh-ar.init,uni0680.init,,318,SHL,,,
teh-ar,uni062A,062A,319,SHLM,,,
teh-ar.fina,uni062A.fina,,320,SHLM,,,
teh-ar.medi,uni062A.medi,,321,SHLM,,,
teh-ar.init,uni062A.init,,322,SHLM,,,
tehRing-ar,uni067C,067C,323,SHL,,,
tehRing-ar.fina,uni067C.fina,,324,SHL,,,
tehRing-ar.medi,uni067C.medi,,325,SHL,,,
tehRing-ar.init,uni067C.init,,326,SHL,,,
tehThreedotsdown-ar,uni067D,067D,327,SHL,,,
tehThreedotsdown-ar.fina,uni067D.fina,,328,SHL,,,
tehThreedotsdown-ar.medi,uni067D.medi,,329,SHL,,,
tehThreedotsdown-ar.init,uni067D.init,,330,SHL,,,
theh-ar,uni062B,062B,331,SHLM,,,
theh-ar.fina,uni062B.fina,,332,SHLM,,,
theh-ar.medi,uni062B.medi,,333,SHLM,,,
theh-ar.init,uni062B.init,,334,SHLM,,,
tteh-ar,uni0679,0679,335,SHL,,,
tteh-ar.fina,uni0679.fina,,336,SHL,,,
tteh-ar.medi,uni0679.medi,,337,SHL,,,
tteh-ar.init,uni0679.init,,338,SHL,,,
tteheh-ar,uni067A,067A,339,SHL,,,
tteheh-ar.fina,uni067A.fina,,340,SHL,,,
tteheh-ar.medi,uni067A.medi,,341,SHL,,,
tteheh-ar.init,uni067A.init,,342,SHL,,,
teheh-ar,uni067F,067F,343,SHL,,,
teheh-ar.fina,uni067F.fina,,344,SHL,,,
teheh-ar.medi,uni067F.medi,,345,SHL,,,
teheh-ar.init,uni067F.init,,346,SHL,,,
behThreedotshorizontalbelow-ar,uni0750,0750,347,SHL,,,
behThreedotshorizontalbelow-ar.fina,uni0750.fina,,348,SHL,,,
behThreedotshorizontalbelow-ar.medi,uni0750.medi,,349,SHL,,,
behThreedotshorizontalbelow-ar.init,uni0750.init,,350,SHL,,,
behThreedotsupabove-ar,uni0751,0751,351,SHL,,,
behThreedotsupabove-ar.fina,uni0751.fina,,352,SHL,,,
behThreedotsupabove-ar.medi,uni0751.medi,,353,SHL,,,
behThreedotsupabove-ar.init,uni0751.init,,354,SHL,,,
behThreedotsupbelow-ar,uni0752,0752,355,SHL,,,
behThreedotsupbelow-ar.fina,uni0752.fina,,357,SHL,,,
behThreedotsupbelow-ar.medi,uni0752.medi,,359,SHL,,,
behThreedotsupbelow-ar.init,uni0752.init,,361,SHL,,,
tehThreedotsupbelow-ar,uni0753,0753,363,SHL,,,
tehThreedotsupbelow-ar.fina,uni0753.fina,,365,SHL,,,
tehThreedotsupbelow-ar.medi,uni0753.medi,,367,SHL,,,
tehThreedotsupbelow-ar.init,uni0753.init,,369,SHL,,,
behTwodotsbelowDotabove-ar,uni0754,0754,371,SHL,,,
behTwodotsbelowDotabove-ar.fina,uni0754.fina,,372,SHL,,,
behTwodotsbelowDotabove-ar.medi,uni0754.medi,,373,SHL,,,
behTwodotsbelowDotabove-ar.init,uni0754.init,,374,SHL,,,
behVinvertedbelow-ar,uni0755,0755,375,SHLM,,,
behVinvertedbelow-ar.fina,uni0755.fina,,376,SHLM,,,
behVinvertedbelow-ar.medi,uni0755.medi,,377,SHLM,,,
behVinvertedbelow-ar.init,uni0755.init,,378,SHLM,,,
behVabove-ar,uni0756,0756,379,SHLM,,,
behVabove-ar.fina,uni0756.fina,,380,SHLM,,,
behVabove-ar.medi,uni0756.medi,,381,SHLM,,,
behVabove-ar.init,uni0756.init,,382,SHLM,,,
behVbelow-ar,uni08A0,08A0,383,SHM,,,
behVbelow-ar.fina,uni08A0.fina,,384,SHM,,,
behVbelow-ar.medi,uni08A0.medi,,385,SHM,,,
behVbelow-ar.init,uni08A0.init,,386,SHM,,,
behhamzaabove-ar,uni08A1,08A1,387,SHM,,,
behhamzaabove-ar.fina,uni08A1.fina,,388,SHM,,,
behhamzaabove-ar.medi,uni08A1.medi,,389,SHM,,,
behhamzaabove-ar.init,uni08A1.init,,390,SHM,,,
tehTehabove-ar,uni08B8,08B8,391,SH,,,
tehTehabove-ar.fina,uni08B8.fina,,392,SH,,,
tehTehabove-ar.medi,uni08B8.medi,,393,SH,,,
tehTehabove-ar.init,uni08B8.init,,394,SH,,,
behMeemabove-ar,uni08B6,08B6,395,SH,,,
behMeemabove-ar.fina,uni08B6.fina,,396,SH,,,
behMeemabove-ar.medi,uni08B6.medi,,397,SH,,,
behMeemabove-ar.init,uni08B6.init,,398,SH,,,
pehMeemabove-ar,uni08B7,08B7,399,SH,,,
pehMeemabove-ar.fina,uni08B7.fina,,400,SH,,,
pehMeemabove-ar.medi,uni08B7.medi,,401,SH,,,
pehMeemabove-ar.init,uni08B7.init,,402,SH,,,
jeem-ar,uni062C,062C,403,SHLM,,,
jeem-ar.fina,uni062C.fina,,404,SHLM,,,
jeem-ar.medi,uni062C.medi,,405,SHLM,,,
jeem-ar.init,uni062C.init,,406,SHLM,,,
jeem-ar.medi.hand,uni062C.medi.hand,,407,H,,,cv08=1
tcheh-ar,uni0686,0686,408,SHL,,,
tcheh-ar.fina,uni0686.fina,,409,SHL,,,
tcheh-ar.medi,uni0686.medi,,410,SHL,,,
tcheh-ar.init,uni0686.init,,411,SHL,,,
tcheh-ar.medi.hand,uni0686.medi.hand,,412,H,,,cv08=1
tcheheh-ar,uni0687,0687,413,SHL,,,
tcheheh-ar.fina,uni0687.fina,,414,SHL,,,
tcheheh-ar.medi,uni0687.medi,,415,SHL,,,
tcheheh-ar.init,uni0687.init,,416,SHL,,,
tcheheh-ar.medi.hand,uni0687.medi.hand,,417,SHL,,,
tchehDotabove-ar,uni06BF,06BF,418,SHL,,,
tchehDotabove-ar.fina,uni06BF.fina,,419,SHL,,,
tchehDotabove-ar.medi,uni06BF.medi,,420,SHL,,,
tchehDotabove-ar.init,uni06BF.init,,421,SHL,,,
tchehDotabove-ar.medi.hand,uni06BF.medi.hand,,422,H,,,cv08=1
nyeh-ar,uni0683,0683,423,SHLM,,,
nyeh-ar.fina,uni0683.fina,,424,SHLM,,,
nyeh-ar.medi,uni0683.medi,,425,SHLM,,,
nyeh-ar.init,uni0683.init,,426,SHLM,,,
nyeh-ar.medi.hand,uni0683.medi.hand,,427,H,,,cv08=1
dyeh-ar,uni0684,0684,428,SHL,,,
dyeh-ar.fina,uni0684.fina,,429,SHL,,,
dyeh-ar.medi,uni0684.medi,,430,SHL,,,
dyeh-ar.init,uni0684.init,,431,SHL,,,
dyeh-ar.medi.hand,uni0684.medi.hand,,432,H,,,cv08=1
hah-ar,uni062D,062D,433,*,,,
hah-ar.fina,uni062D.fina,,434,*,,,
hah-ar.medi,uni062D.medi,,435,*,,,
hah-ar.init,uni062D.init,,436,*,,,
hah-ar.medi.hand,uni062D.medi.hand,,437,H,,,cv08=1
hahHamzaabove-ar,uni0681,0681,438,SHL,,,
hahHamzaabove-ar.fina,uni0681.fina,,439,SHL,,,
hahHamzaabove-ar.medi,uni0681.medi,,440,SHL,,,
hahHamzaabove-ar.init,uni0681.init,,441,SHL,,,
hahHamzaabove-ar.medi.hand,uni0681.medi.hand,,442,SHL,,,
hahTwodotsverticalabove-ar,uni0682,0682,443,SHL,,,
hahTwodotsverticalabove-ar.fina,uni0682.fina,,444,SHL,,,
hahTwodotsverticalabove-ar.medi,uni0682.medi,,445,SHL,,,
hahTwodotsverticalabove-ar.init,uni0682.init,,446,SHL,,,
hahTwodotsverticalabove-ar.medi.hand,uni0682.medi.hand,,447,H,,,cv08=1
hahTwodotshorizontalabove-ar,uni0757,0757,448,SHL,,,
hahTwodotshorizontalabove-ar.fina,uni0757.fina,,449,SHL,,,
hahTwodotshorizontalabove-ar.medi,uni0757.medi,,450,SHL,,,
hahTwodotshorizontalabove-ar.init,uni0757.init,,451,SHL,,,
hahTwodotshorizontalabove-ar.medi.hand,uni0757.medi.hand,,452,H,,,cv08=1
hahThreedotsabove-ar,uni0685,0685,453,SHL,,,
hahThreedotsabove-ar.fina,uni0685.fina,,454,SHL,,,
hahThreedotsabove-ar.medi,uni0685.medi,,455,SHL,,,
hahThreedotsabove-ar.init,uni0685.init,,456,SHL,,,
hahThreedotsabove-ar.medi.hand,uni0685.medi.hand,,457,H,,,cv08=1
hahThreedotsupbelow-ar,uni0758,0758,458,SHL,,,
hahThreedotsupbelow-ar.fina,uni0758.fina,,460,SHL,,,
hahThreedotsupbelow-ar.medi,uni0758.medi,,462,SHL,,,
hahThreedotsupbelow-ar.init,uni0758.init,,464,SHL,,,
hahThreedotsupbelow-ar.medi.hand,uni0758.medi.hand,,466,H,,,cv08=1
khah-ar,uni062E,062E,467,SHLM,,,
khah-ar.fina,uni062E.fina,,468,SHLM,,,
khah-ar.medi,uni062E.medi,,469,SHLM,,,
khah-ar.init,uni062E.init,,470,SHLM,,,
khah-ar.medi.hand,uni062E.medi.hand,,471,H,,,cv08=1
hahTahbelow-ar,uni076E,076E,472,SHL,,,
hahTahbelow-ar.fina,uni076E.fina,,473,SHL,,,
hahTahbelow-ar.medi,uni076E.medi,,474,SHL,,,
hahTahbelow-ar.medi.hand,uni076E.medi,,474.1,H,,,
hahTahbelow-ar.init,uni076E.init,,475,SHL,,,
hahTahTwodotshorizontalabove-ar,uni076F,076F,476,SHL,,,
hahTahTwodotshorizontalabove-ar.fina,uni076F.fina,,477,SHL,,,
hahTahTwodotshorizontalabove-ar.medi,uni076F.medi,,478,SHL,,,
hahTahTwodotshorizontalabove-ar.medi.hand,uni076F.medi.hand,,478.1,H,,,
hahTahTwodotshorizontalabove-ar.init,uni076F.init,,479,SHL,,,
hahTahabove-ar,uni0772,0772,480,SHL,,,
hahTahabove-ar.fina,uni0772.fina,,481,SHL,,,
hahTahabove-ar.medi,uni0772.medi,,482,SHL,,,
hahTahabove-ar.medi.hand,uni0772.medi.hand,,482.1,H,,,
hahTahabove-ar.init,uni0772.init,,483,SHL,,,
hahFourbelow-ar,uni077C,077C,484,SH,,,
hahFourbelow-ar.fina,uni077C.fina,,485,SH,,,
hahFourbelow-ar.medi,uni077C.medi,,486,SH,,,
hahFourbelow-ar.medi.hand,uni077C.medi.hand,,486.1,H,,,
hahFourbelow-ar.init,uni077C.init,,487,SH,,,
jeemTwodotsabove-ar,uni08A2,08A2,488,SH,,,
jeemTwodotsabove-ar.fina,uni08A2.fina,,489,SH,,,
jeemTwodotsabove-ar.medi,uni08A2.medi,,490,SH,,,
jeemTwodotsabove-ar.init,uni08A2.init,,491,SH,,,
jeemTwodotsabove-ar.medi.hand,uni08A2.medi.hand,,492,H,,,cv08=1
dal-ar,uni062F,062F,493,*,,,
dal-ar.fina,uni062F.fina,,494,*,,,
dal-ar.loclWLF,uni062F.loclWLF,,495,SH,,,cv12=1
dal-ar.fina.loclWLF,uni062F.fina.loclWLF,,496,H,,,
thal-ar,uni0630,0630,497,SHLM,,,
thal-ar.fina,uni0630.fina,,498,SHLM,,,
thal-ar.loclWLF,uni0630.loclWLF,,499,SH,,,cv12=1
thal-ar.fina.loclWLF,uni0630.fina.loclWLF,,500,H,,,
ddal-ar,uni0688,0688,501,SHL,,,
ddal-ar.fina,uni0688.fina,,502,SHL,,,
ddal-ar.loclWLF,uni0688.loclWLF,,503,SH,,,cv12=1
ddal-ar.fina.loclWLF,uni0688.fina.loclWLF,,504,H,,,
dahal-ar,uni068C,068C,505,SHL,,,
dahal-ar.fina,uni068C.fina,,506,SHL,,,
dahal-ar.loclWLF,uni068C.loclWLF,,507,SH,,,cv12=1
dahal-ar.fina.loclWLF,uni068C.fina.loclWLF,,508,H,,,
ddahal-ar,uni068D,068D,509,SHL,,,
ddahal-ar.fina,uni068D.fina,,510,SHL,,,
ddahal-ar.loclWLF,uni068D.loclWLF,,511,SH,,,cv12=1
ddahal-ar.fina.loclWLF,uni068D.fina.loclWLF,,512,H,,,
dalRing-ar,uni0689,0689,513,SHL,,,
dalRing-ar.fina,uni0689.fina,,514,SHL,,,
dalRing-ar.loclWLF,uni0689.loclWLF,,515,SH,,,cv12=1
dalRing-ar.fina.loclWLF,uni0689.fina.loclWLF,,516,H,,,
dalDotbelow-ar,uni068A,068A,517,SHL,,,
dalDotbelow-ar.fina,uni068A.fina,,518,SHL,,,
dalDotbelow-ar.loclWLF,uni068A.loclWLF,,519,SH,,,cv12=1
dalDotbelow-ar.fina.loclWLF,uni068A.fina.loclWLF,,520,H,,,
dalDotbelowTah-ar,uni068B,068B,521,SHL,,,
dalDotbelowTah-ar.fina,uni068B.fina,,522,SHL,,,
dalDotbelowTah-ar.loclWLF,uni068B.loclWLF,,523,SH,,,cv12=1
dalDotbelowTah-ar.fina.loclWLF,uni068B.fina.loclWLF,,524,H,,,
dul-ar,uni068E,068E,525,SHL,,,
dul-ar.fina,uni068E.fina,,526,SHL,,,
dul-ar.loclWLF,uni068E.loclWLF,,527,SH,,,cv12=1
dul-ar.fina.loclWLF,uni068E.fina.loclWLF,,528,H,,,
dalThreedotsdown-ar,uni068F,068F,529,SHL,,,
dalThreedotsdown-ar.fina,uni068F.fina,,530,SHL,,,
dalThreedotsdown-ar.loclWLF,uni068F.loclWLF,,531,SH,,,cv12=1
dalThreedotsdown-ar.fina.loclWLF,uni068F.fina.loclWLF,,532,H,,,
dalFourdots-ar,uni0690,0690,533,SHL,,,
dalFourdots-ar.fina,uni0690.fina,,534,SHL,,,
dalFourdots-ar.loclWLF,uni0690.loclWLF,,535,SH,,,cv12=1
dalFourdots-ar.fina.loclWLF,uni0690.fina.loclWLF,,536,H,,,
dalVinvertedabove-ar,uni06EE,06EE,537,SHL,,,
dalVinvertedabove-ar.fina,uni06EE.fina,,538,SHL,,,
dalVinvertedabove-ar.loclWLF,uni06EE.loclWLF,,539,SH,,,cv12=1
dalVinvertedabove-ar.fina.loclWLF,uni06EE.fina.loclWLF,,540,H,,,
dalTwodotsverticalbelowTah-ar,uni0759,0759,541,SHL,,,
dalTwodotsverticalbelowTah-ar.fina,uni0759.fina,,542,SHL,,,
dalTwodotsverticalbelowTah-ar.loclWLF,uni0759.loclWLF,,543,SH,,,cv12=1
dalTwodotsverticalbelowTah-ar.fina.loclWLF,uni0759.fina.loclWLF,,544,H,,,
dalVinvertedbelow-ar,uni075A,075A,545,SHL,,,
dalVinvertedbelow-ar.fina,uni075A.fina,,546,SHL,,,
dalVinvertedbelow-ar.loclWLF,uni075A.loclWLF,,547,SH,,,cv12=1
dalVinvertedbelow-ar.fina.loclWLF,uni075A.fina.loclWLF,,548,SH,,,
dalThreedotsbelow-ar,uni08AE,08AE,549,SH,,,
dalThreedotsbelow-ar.fina,uni08AE.fina,,550,SH,,,
dalThreedotsbelow-ar.loclWLF,uni08AE.loclWLF,,551,SH,,,cv12=1
dalThreedotsbelow-ar.fina.loclWLF,uni08AE.fina.loclWLF,,552,H,,,
reh-ar,uni0631,0631,553,*,,,
reh-ar.fina,uni0631.fina,,554,*,,,
zain-ar,uni0632,0632,555,SHLM,,,
zain-ar.fina,uni0632.fina,,556,SHLM,,,
zainVinvertedabove-ar,uni08B2,08B2,557,SHL,,,# cv90=1
zainVinvertedabove-ar.fina,uni08B2.fina,,558,SHL,,,
rreh-ar,uni0691,0691,559,SHL,,,
rreh-ar.fina,uni0691.fina,,560,SHL,,,
rehv-ar,uni0692,0692,561,SHL,,,
rehv-ar.fina,uni0692.fina,,562,SHL,,,
rehRing-ar,uni0693,0693,563,SHL,,,
rehRing-ar.fina,uni0693.fina,,564,SHL,,,
rehDotbelow-ar,uni0694,0694,565,SHL,,,
rehDotbelow-ar.fina,uni0694.fina,,566,SHL,,,
rehVbelow-ar,uni0695,0695,567,SHL,,,
rehVbelow-ar.fina,uni0695.fina,,568,SHL,,,
rehDotbelowdotabove-ar,uni0696,0696,569,SHL,,,
rehDotbelowdotabove-ar.fina,uni0696.fina,,570,SHL,,,
rehTwodots-ar,uni0697,0697,571,SHL,,,
rehTwodots-ar.fina,uni0697.fina,,572,SHL,,,
jeh-ar,uni0698,0698,573,SHLM,,,cv90
jeh-ar.fina,uni0698.fina,,574,SHLM,,,
rehFourdots-ar,uni0699,0699,575,SHL,,,
rehFourdots-ar.fina,uni0699.fina,,576,SHL,,,
rehVinvertedabove-ar,uni06EF,06EF,577,SHL,,,
rehVinvertedabove-ar.fina,uni06EF.fina,,578,SHL,,,
rehStroke-ar,uni075B,075B,579,SHL,,,
rehStroke-ar.fina,uni075B.fina,,580,SHL,,,
rehTwodotsverticalabove-ar,uni076B,076B,581,SHL,,,
rehTwodotsverticalabove-ar.fina,uni076B.fina,,582,SHL,,,
rehHamzaabove-ar,uni076C,076C,583,SHL,,,
rehHamzaabove-ar.fina,uni076C.fina,,584,SHL,,,
rehTwodotshorizontalaboveTahabove-ar,uni0771,0771,585,SHL,,,
rehTwodotshorizontalaboveTahabove-ar.fina,uni0771.fina,,586,SHL,,,
rehNoonabove-ar,uni08B9,08B9,587,SH,,,
rehNoonabove-ar.fina,uni08B9.fina,,588,SH,,,
rehLoop-ar,uni08AA,08AA,589,SHL,,,
rehLoop-ar.fina,uni08AA.fina,,590,SHL,,,
rehHahabove-ar,uni0612,0612,591,SH,,,
rehDadabove-ar,uni0613,0613,592,SH,,,
seen-ar,uni0633,0633,593,*,,,
seen-ar.fina,uni0633.fina,,594,*,,,
seen-ar.medi,uni0633.medi,,595,*,,,
seen-ar.init,uni0633.init,,596,*,,,
seenDotbelowDotabove-ar,uni069A,069A,597,SHL,,,
seenDotbelowDotabove-ar.fina,uni069A.fina,,598,SHL,,,
seenDotbelowDotabove-ar.medi,uni069A.medi,,599,SHL,,,
seenDotbelowDotabove-ar.init,uni069A.init,,600,SHL,,,
seenThreedotsbelow-ar,uni069B,069B,601,SHL,,,
seenThreedotsbelow-ar.fina,uni069B.fina,,602,SHL,,,
seenThreedotsbelow-ar.medi,uni069B.medi,,603,SHL,,,
seenThreedotsbelow-ar.init,uni069B.init,,604,SHL,,,
sheen-ar,uni0634,0634,605,SHLM,,,
sheen-ar.fina,uni0634.fina,,606,SHLM,,,
sheen-ar.medi,uni0634.medi,,607,SHLM,,,
sheen-ar.init,uni0634.init,,608,SHLM,,,
sheenDotbelow-ar,uni06FA,06FA,609,SHL,,,
sheenDotbelow-ar.fina,uni06FA.fina,,610,SHL,,,
sheenDotbelow-ar.medi,uni06FA.medi,,611,SHL,,,
sheenDotbelow-ar.init,uni06FA.init,,612,SHL,,,
sheenThreedotsbelow-ar,uni069C,069C,613,SHL,,,
sheenThreedotsbelow-ar.fina,uni069C.fina,,614,SHL,,,
sheenThreedotsbelow-ar.medi,uni069C.medi,,615,SHL,,,
sheenThreedotsbelow-ar.init,uni069C.init,,616,SHL,,,
seenFourdotsabove-ar,uni075C,075C,617,SHL,,,
seenFourdotsabove-ar.fina,uni075C.fina,,618,SHL,,,
seenFourdotsabove-ar.medi,uni075C.medi,,619,SHL,,,
seenFourdotsabove-ar.init,uni075C.init,,620,SHL,,,
seenTwodotshorizontalabove-ar,uni076D,076D,621,SHL,,,
seenTwodotshorizontalabove-ar.fina,uni076D.fina,,622,SHL,,,
seenTwodotshorizontalabove-ar.medi,uni076D.medi,,623,SHL,,,
seenTwodotshorizontalabove-ar.init,uni076D.init,,624,SHL,,,
seenTahTwodotshorizontalabove-ar,uni0770,0770,625,SHL,,,
seenTahTwodotshorizontalabove-ar.fina,uni0770.fina,,626,SHL,,,
seenTahTwodotshorizontalabove-ar.medi,uni0770.medi,,627,SHL,,,
seenTahTwodotshorizontalabove-ar.init,uni0770.init,,628,SHL,,,
seenFourabove-ar,uni077D,077D,629,SH,,,
seenFourabove-ar.fina,uni077D.fina,,630,SH,,,
seenFourabove-ar.medi,uni077D.medi,,631,SH,,,
seenFourabove-ar.init,uni077D.init,,632,SH,,,
seenVinvertedabove-ar,uni077E,077E,633,SH,,,
seenVinvertedabove-ar.fina,uni077E.fina,,634,SH,,,
seenVinvertedabove-ar.medi,uni077E.medi,,635,SH,,,
seenVinvertedabove-ar.init,uni077E.init,,636,SH,,,
sad-ar,uni0635,0635,637,*,,,
sad-ar.fina,uni0635.fina,,638,*,,,
sad-ar.medi,uni0635.medi,,639,*,,,
sad-ar.init,uni0635.init,,640,*,,,
sad-ar.half,uni0635.half,,641,H,,,cv20=1
sad-ar.fina.half,uni0635.fina.half,,642,H,,,cv20=1
sadTwodotsbelow-ar,uni069D,069D,643,SHL,,,
sadTwodotsbelow-ar.fina,uni069D.fina,,644,SHL,,,
sadTwodotsbelow-ar.medi,uni069D.medi,,645,SHL,,,
sadTwodotsbelow-ar.init,uni069D.init,,646,SHL,,,
sadTwodotsbelow-ar.half,uni069D.half,,647,H,,,cv20=1
sadTwodotsbelow-ar.fina.half,uni069D.fina.half,,648,H,,,cv20=1
sadThreedots-ar,uni069E,069E,649,SHL,,,
sadThreedots-ar.fina,uni069E.fina,,650,SHL,,,
sadThreedots-ar.medi,uni069E.medi,,651,SHL,,,
sadThreedots-ar.init,uni069E.init,,652,SHL,,,
sadThreedots-ar.half,uni069E.half,,653,H,,,cv20=1
sadThreedots-ar.fina.half,uni069E.fina.half,,654,H,,,cv20=1
sadThreedotsbelow-ar,uni08AF,08AF,655,SH,,,
sadThreedotsbelow-ar.fina,uni08AF.fina,,656,SH,,,
sadThreedotsbelow-ar.medi,uni08AF.medi,,657,SH,,,
sadThreedotsbelow-ar.init,uni08AF.init,,658,SH,,,
sadThreedotsbelow-ar.half,uni08AF.half,,659,H,,,cv20=1
sadThreedotsbelow-ar.fina.half,uni08AF.fina.half,,660,H,,,cv20=1
dad-ar,uni0636,0636,661,SHLM,,,
dad-ar.fina,uni0636.fina,,662,SHLM,,,
dad-ar.medi,uni0636.medi,,663,SHLM,,,
dad-ar.init,uni0636.init,,664,SHLM,,,
dad-ar.half,uni0636.half,,665,H,,,cv20=1
dad-ar.fina.half,uni0636.fina.half,,666,H,,,cv20=1
dadDotbelow-ar,uni06FB,06FB,667,SHL,,,
dadDotbelow-ar.fina,uni06FB.fina,,668,SHL,,,
dadDotbelow-ar.medi,uni06FB.medi,,669,SHL,,,
dadDotbelow-ar.init,uni06FB.init,,670,SHL,,,
dadDotbelow-ar.half,uni06FB.half,,671,H,,,cv20=1
dadDotbelow-ar.fina.half,uni06FB.fina.half,,672,H,,,cv20=1
tah-ar,uni0637,0637,673,*,,,
tah-ar.fina,uni0637.fina,,674,*,,,
tah-ar.medi,uni0637.medi,,675,*,,,
tah-ar.init,uni0637.init,,676,*,,,
tahThreedots-ar,uni069F,069F,677,SHLM,,,
tahThreedots-ar.fina,uni069F.fina,,678,SHLM,,,
tahThreedots-ar.medi,uni069F.medi,,679,SHLM,,,
tahThreedots-ar.init,uni069F.init,,680,SHLM,,,
zah-ar,uni0638,0638,681,SHLM,,,
zah-ar.fina,uni0638.fina,,682,SHLM,,,
zah-ar.medi,uni0638.medi,,683,SHLM,,,
zah-ar.init,uni0638.init,,684,SHLM,,,
tahTwodotsabove-ar,uni08A3,08A3,685,SH,,,
tahTwodotsabove-ar.fina,uni08A3.fina,,686,SH,,,
tahTwodotsabove-ar.medi,uni08A3.medi,,687,SH,,,
tahTwodotsabove-ar.init,uni08A3.init,,688,SH,,,
ain-ar,uni0639,0639,689,*,,,
ain-ar.fina,uni0639.fina,,690,*,,,
ain-ar.medi,uni0639.medi,,691,*,,,
ain-ar.init,uni0639.init,,692,*,,,
ainThreedots-ar,uni06A0,06A0,693,SHLM,,,
ainThreedots-ar.fina,uni06A0.fina,,694,SHLM,,,
ainThreedots-ar.medi,uni06A0.medi,,695,SHLM,,,
ainThreedots-ar.init,uni06A0.init,,696,SHLM,,,
ainTwodotshorizontalabove-ar,uni075D,075D,697,SHLM,,,
ainTwodotshorizontalabove-ar.fina,uni075D.fina,,698,SHLM,,,
ainTwodotshorizontalabove-ar.medi,uni075D.medi,,699,SHLM,,,
ainTwodotshorizontalabove-ar.init,uni075D.init,,700,SHLM,,,
ainThreedotsdownabove-ar,uni075E,075E,701,SHL,,,
ainThreedotsdownabove-ar.fina,uni075E.fina,,702,SHL,,,
ainThreedotsdownabove-ar.medi,uni075E.medi,,703,SHL,,,
ainThreedotsdownabove-ar.init,uni075E.init,,704,SHL,,,
ainTwodotsverticalabove-ar,uni075F,075F,705,SHL,,,
ainTwodotsverticalabove-ar.fina,uni075F.fina,,706,SHL,,,
ainTwodotsverticalabove-ar.medi,uni075F.medi,,707,SHL,,,
ainTwodotsverticalabove-ar.init,uni075F.init,,708,SHL,,,
ainThreedotsbelow-ar,uni08B3,08B3,709,SH,,,
ainThreedotsbelow-ar.fina,uni08B3.fina,,710,SH,,,
ainThreedotsbelow-ar.medi,uni08B3.medi,,711,SH,,,
ainThreedotsbelow-ar.init,uni08B3.init,,712,SH,,,
ghain-ar,uni063A,063A,713,SHLM,,,
ghain-ar.fina,uni063A.fina,,714,SHLM,,,
ghain-ar.medi,uni063A.medi,,715,SHLM,,,
ghain-ar.init,uni063A.init,,716,SHLM,,,
ghainDotbelow-ar,uni06FC,06FC,717,SHL,,,
ghainDotbelow-ar.fina,uni06FC.fina,,718,SHL,,,
ghainDotbelow-ar.medi,uni06FC.medi,,719,SHL,,,
ghainDotbelow-ar.init,uni06FC.init,,720,SHL,,,
feh-ar,uni0641,0641,721,SHLM,,,
feh-ar.fina,uni0641.fina,,722,SHLM,,,
feh-ar.medi,uni0641.medi,,723,SHLM,,,
feh-ar.init,uni0641.init,,724,SHLM,,,
veh-ar,uni06A4,06A4,725,SHLM,,,
veh-ar.fina,uni06A4.fina,,726,SHLM,,,
veh-ar.medi,uni06A4.medi,,727,SHLM,,,
veh-ar.init,uni06A4.init,,728,SHLM,,,
fehDotless-ar,uni06A1,06A1,729,*,,,
fehDotless-ar.fina,uni06A1.fina,,730,*,,,
fehDotless-ar.medi,uni06A1.medi,,731,*,,,
fehDotless-ar.init,uni06A1.init,,732,*,,,
fehDotmovedbelow-ar,uni06A2,06A2,733,SHLM,,,
fehDotmovedbelow-ar.fina,uni06A2.fina,,734,SHLM,,,
fehDotmovedbelow-ar.medi,uni06A2.medi,,735,SHLM,,,
fehDotmovedbelow-ar.init,uni06A2.init,,736,SHLM,,,
fehDotbelow-ar,uni06A3,06A3,737,SHL,,,
fehDotbelow-ar.fina,uni06A3.fina,,738,SHL,,,
fehDotbelow-ar.medi,uni06A3.medi,,739,SHL,,,
fehDotbelow-ar.init,uni06A3.init,,740,SHL,,,
fehThreedotsbelow-ar,uni06A5,06A5,741,SHL,,,
fehThreedotsbelow-ar.fina,uni06A5.fina,,742,SHL,,,
fehThreedotsbelow-ar.medi,uni06A5.medi,,743,SHL,,,
fehThreedotsbelow-ar.init,uni06A5.init,,744,SHL,,,
peheh-ar,uni06A6,06A6,745,SHL,,,
peheh-ar.fina,uni06A6.fina,,746,SHL,,,
peheh-ar.medi,uni06A6.medi,,747,SHL,,,
peheh-ar.init,uni06A6.init,,748,SHL,,,
fehTwodotsbelow-ar,uni0760,0760,749,SHLM,,,
fehTwodotsbelow-ar.fina,uni0760.fina,,750,SHLM,,,
fehTwodotsbelow-ar.medi,uni0760.medi,,751,SHLM,,,
fehTwodotsbelow-ar.init,uni0760.init,,752,SHLM,,,
fehThreedotsupbelow-ar,uni0761,0761,753,SHL,,,
fehThreedotsupbelow-ar.fina,uni0761.fina,,755,SHL,,,
fehThreedotsupbelow-ar.medi,uni0761.medi,,757,SHL,,,
fehThreedotsupbelow-ar.init,uni0761.init,,759,SHL,,,
fehDotbelowThreedotsabove-ar,uni08A4,08A4,761,SH,,,
fehDotbelowThreedotsabove-ar.fina,uni08A4.fina,,762,SH,,,
fehDotbelowThreedotsabove-ar.medi,uni08A4.medi,,763,SH,,,
fehDotbelowThreedotsabove-ar.init,uni08A4.init,,764,SH,,,
fehAfrican-ar,uni08BB,08BB,765,SHM,,,
fehAfrican-ar.fina,uni08BB.fina,,766,SHM,,,
fehAfrican-ar.medi,uni08BB.medi,,767,SHM,,,
fehAfrican-ar.init,uni08BB.init,,768,SHM,,,
qafDotless-ar,uni066F,066F,769,*,,,
qafDotless-ar.fina,uni066F.fina,,770,*,,,
qafDotless-ar.medi,uni066F.medi,,771,*,,,
qafDotless-ar.init,uni066F.init,,772,*,,,
qaf-ar,uni0642,0642,773,SHLM,,,
qaf-ar.fina,uni0642.fina,,774,SHLM,,,
qaf-ar.medi,uni0642.medi,,775,SHLM,,,
qaf-ar.init,uni0642.init,,776,SHLM,,,
qafDotabove-ar,uni06A7,06A7,777,SHLM,,,
qafDotabove-ar.fina,uni06A7.fina,,778,SHLM,,,
qafDotabove-ar.medi,uni06A7.medi,,779,SHLM,,,
qafDotabove-ar.init,uni06A7.init,,780,SHLM,,,
qafThreedotsabove-ar,uni06A8,06A8,781,SHLM,,,
qafThreedotsabove-ar.fina,uni06A8.fina,,782,SHLM,,,
qafThreedotsabove-ar.medi,uni06A8.medi,,783,SHLM,,,
qafThreedotsabove-ar.init,uni06A8.init,,784,SHLM,,,
qafDotbelow-ar,uni08A5,08A5,785,SH,,,
qafDotbelow-ar.fina,uni08A5.fina,,786,SH,,,
qafDotbelow-ar.medi,uni08A5.medi,,787,SH,,,
qafDotbelow-ar.init,uni08A5.init,,788,SH,,,
qafAfrican-ar,uni08BC,08BC,789,SHM,,,
qafAfrican-ar.fina,uni08BC.fina,,790,SHM,,,
qafAfrican-ar.medi,uni08BC.medi,,791,SHM,,,
qafAfrican-ar.init,uni08BC.init,,792,SHM,,,
kaf-ar,uni0643,0643,793,*,,,
kaf-ar.fina,uni0643.fina,,794,*,,,
kaf-ar.medi,uni0643.medi,,795,*,,,
kaf-ar.init,uni0643.init,,796,*,,,
kafDotbelow-ar,uni08B4,08B4,797,SH,,,
kafDotbelow-ar.fina,uni08B4.fina,,798,SH,,,
kafDotbelow-ar.medi,uni08B4.medi,,799,SH,,,
kafDotbelow-ar.init,uni08B4.init,,800,SH,,,
keheh-ar,uni06A9,06A9,801,*,,,
keheh-ar.fina,uni06A9.fina,,802,*,,,
keheh-ar.medi,uni06A9.medi,,803,*,,,
keheh-ar.init,uni06A9.init,,804,*,,,
kehehTwodotshorizontalabove-ar,uni063B,063B,805,SH,,,
kehehTwodotshorizontalabove-ar.fina,uni063B.fina,,806,SH,,,
kehehTwodotshorizontalabove-ar.medi,uni063B.medi,,807,SH,,,
kehehTwodotshorizontalabove-ar.init,uni063B.init,,808,SH,,,
kehehThreedotsbelow-ar,uni063C,063C,809,SH,,,
kehehThreedotsbelow-ar.fina,uni063C.fina,,810,SH,,,
kehehThreedotsbelow-ar.medi,uni063C.medi,,811,SH,,,
kehehThreedotsbelow-ar.init,uni063C.init,,812,SH,,,
kehehDotabove-ar,uni0762,0762,813,SHL,,,
kehehDotabove-ar.fina,uni0762.fina,,814,SHL,,,
kehehDotabove-ar.medi,uni0762.medi,,815,SHL,,,
kehehDotabove-ar.init,uni0762.init,,816,SHL,,,
kehehThreedotsabove-ar,uni0763,0763,817,SHLM,,,
kehehThreedotsabove-ar.fina,uni0763.fina,,818,SHLM,,,
kehehThreedotsabove-ar.medi,uni0763.medi,,819,SHLM,,,
kehehThreedotsabove-ar.init,uni0763.init,,820,SHLM,,,
kehehThreedotsupbelow-ar,uni0764,0764,821,SHL,,,
kehehThreedotsupbelow-ar.fina,uni0764.fina,,823,SHL,,,
kehehThreedotsupbelow-ar.medi,uni0764.medi,,825,SHL,,,
kehehThreedotsupbelow-ar.init,uni0764.init,,827,SHL,,,
gaf-ar,uni06AF,06AF,829,SHLM,,,
gaf-ar.fina,uni06AF.fina,,830,SHLM,,,
gaf-ar.medi,uni06AF.medi,,831,SHLM,,,
gaf-ar.init,uni06AF.init,,832,SHLM,,,
gafRing-ar,uni06B0,06B0,833,SHL,,,
gafRing-ar.fina,uni06B0.fina,,834,SHL,,,
gafRing-ar.medi,uni06B0.medi,,835,SHL,,,
gafRing-ar.init,uni06B0.init,,836,SHL,,,
gafThreedots-ar,uni06B4,06B4,837,SHL,,,
gafThreedots-ar.fina,uni06B4.fina,,838,SHL,,,
gafThreedots-ar.medi,uni06B4.medi,,839,SHL,,,
gafThreedots-ar.init,uni06B4.init,,840,SHL,,,
kafswash-ar,uni06AA,06AA,841,*,,,
kafswash-ar.fina,uni06AA.fina,,842,*,,,
kafswash-ar.medi,uni06AA.medi,,843,*,,,
kafswash-ar.init,uni06AA.init,,844,*,,,
kafRing-ar,uni06AB,06AB,845,SHL,,,
kafRing-ar.fina,uni06AB.fina,,846,SHL,,,
kafRing-ar.medi,uni06AB.medi,,847,SHL,,,
kafRing-ar.init,uni06AB.init,,848,SHL,,,
kafDotabove-ar,uni06AC,06AC,849,SHL,,,
kafDotabove-ar.fina,uni06AC.fina,,850,SHL,,,
kafDotabove-ar.medi,uni06AC.medi,,851,SHL,,,
kafDotabove-ar.init,uni06AC.init,,852,SHL,,,
kafTwodotshorizontalabove-ar,uni077F,077F,853,SH,,,
kafTwodotshorizontalabove-ar.fina,uni077F.fina,,854,SH,,,
kafTwodotshorizontalabove-ar.medi,uni077F.medi,,855,SH,,,
kafTwodotshorizontalabove-ar.init,uni077F.init,,856,SH,,,
kafThreedotsbelow-ar,uni06AE,06AE,857,SHL,,,
kafThreedotsbelow-ar.fina,uni06AE.fina,,858,SHL,,,
kafThreedotsbelow-ar.medi,uni06AE.medi,,859,SHL,,,
kafThreedotsbelow-ar.init,uni06AE.init,,860,SHL,,,
gafTwodotsbelow-ar,uni06B2,06B2,861,SHL,,,
gafTwodotsbelow-ar.fina,uni06B2.fina,,862,SHL,,,
gafTwodotsbelow-ar.medi,uni06B2.medi,,863,SHL,,,
gafTwodotsbelow-ar.init,uni06B2.init,,864,SHL,,,
gafInvertedstroke-ar,uni08B0,08B0,865,SH,,,
gafInvertedstroke-ar.fina,uni08B0.fina,,866,SH,,,
gafInvertedstroke-ar.medi,uni08B0.medi,,867,SH,,,
gafInvertedstroke-ar.init,uni08B0.init,,868,SH,,,
ng-ar,uni06AD,06AD,869,SHLM,,,
ng-ar.fina,uni06AD.fina,,870,SHLM,,,
ng-ar.medi,uni06AD.medi,,871,SHLM,,,
ng-ar.init,uni06AD.init,,872,SHLM,,,
ngoeh-ar,uni06B1,06B1,873,SHL,,,
ngoeh-ar.fina,uni06B1.fina,,874,SHL,,,
ngoeh-ar.medi,uni06B1.medi,,875,SHL,,,
ngoeh-ar.init,uni06B1.init,,876,SHL,,,
gueh-ar,uni06B3,06B3,877,SHL,,,
gueh-ar.fina,uni06B3.fina,,878,SHL,,,
gueh-ar.medi,uni06B3.medi,,879,SHL,,,
gueh-ar.init,uni06B3.init,,880,SHL,,,
lam-ar,uni0644,0644,881,*,,,
lam-ar.fina,uni0644.fina,,882,*,,,
lam-ar.medi,uni0644.medi,,883,*,,,
lam-ar.init,uni0644.init,,884,*,,,
lam-ar.preAlef.medi,uni0644.preAlef.medi,,885,*,,,
lam-ar.preAlef.init,uni0644.preAlef.init,,886,*,,,
lamVabove-ar,uni06B5,06B5,887,SHL,,,
lamVabove-ar.fina,uni06B5.fina,,888,SHL,,,
lamVabove-ar.medi,uni06B5.medi,,889,SHL,,,
lamVabove-ar.init,uni06B5.init,,890,SHL,,,
lamVabove-ar.preAlef.medi,uni06B5.preAlef.medi,,891,SHL,,,
lamVabove-ar.preAlef.init,uni06B5.preAlef.init,,892,SHL,,,
lamDotabove-ar,uni06B6,06B6,893,SHL,,,
lamDotabove-ar.fina,uni06B6.fina,,894,SHL,,,
lamDotabove-ar.medi,uni06B6.medi,,895,SHL,,,
lamDotabove-ar.init,uni06B6.init,,896,SHL,,,
lamDotabove-ar.preAlef.medi,uni06B6.preAlef.medi,,897,SHL,,,
lamDotabove-ar.preAlef.init,uni06B6.preAlef.init,,898,SHL,,,
lamThreedotsabove-ar,uni06B7,06B7,899,SHL,,,
lamThreedotsabove-ar.fina,uni06B7.fina,,900,SHL,,,
lamThreedotsabove-ar.medi,uni06B7.medi,,901,SHL,,,
lamThreedotsabove-ar.init,uni06B7.init,,902,SHL,,,
lamThreedotsabove-ar.preAlef.medi,uni06B7.preAlef.medi,,903,SHL,,,
lamThreedotsabove-ar.preAlef.init,uni06B7.preAlef.init,,904,SHL,,,
lamThreedotsbelow-ar,uni06B8,06B8,905,SHL,,,
lamThreedotsbelow-ar.fina,uni06B8.fina,,906,SHL,,,
lamThreedotsbelow-ar.medi,uni06B8.medi,,907,SHL,,,
lamThreedotsbelow-ar.init,uni06B8.init,,908,SHL,,,
lamThreedotsbelow-ar.preAlef.medi,uni06B8.preAlef.medi,,909,SHL,,,
lamThreedotsbelow-ar.preAlef.init,uni06B8.preAlef.init,,910,SHL,,,
lamBar-ar,uni076A,076A,911,SHL,,,
lamBar-ar.fina,uni076A.fina,,912,SHL,,,
lamBar-ar.medi,uni076A.medi,,913,SHL,,,
lamBar-ar.init,uni076A.init,,914,SHL,,,
lamBar-ar.preAlef.medi,uni076A.preAlef.medi,,915,SHL,,,
lamBar-ar.preAlef.init,uni076A.preAlef.init,,916,SHL,,,
lamDoublebar-ar,uni08A6,08A6,917,SH,,,
lamDoublebar-ar.fina,uni08A6.fina,,918,SH,,,
lamDoublebar-ar.medi,uni08A6.medi,,919,SH,,,
lamDoublebar-ar.init,uni08A6.init,,920,SH,,,
lamDoublebar-ar.preAlef.medi,uni08A6.preAlef.medi,,921,SH,,,
lamDoublebar-ar.preAlef.init,uni08A6.preAlef.init,,922,SH,,,
lam_hamza-ar.preAlef.init,uni06440654.preAlef.init,0644 0654,923,H,,,
lam_hamza-ar.preAlef.warsh.init,uni06440654.preAlef.warsh.init,,924,H,,,"cv02=1,2"
meem-ar,uni0645,0645,925,*,,,
meem-ar.fina,uni0645.fina,,926,*,,,
meem-ar.medi,uni0645.medi,,927,*,,,
meem-ar.init,uni0645.init,,928,*,,,
meem-ar.sindhi,uni0645.sindhi,,929,SHL,sd,SND,cv44=1
meem-ar.sindhi.fina,uni0645.sindhi.fina,,930,SHL,,,
meemDotabove-ar,uni0765,0765,931,SHL,,,
meemDotabove-ar.fina,uni0765.fina,,932,SHL,,,
meemDotabove-ar.medi,uni0765.medi,,933,SHL,,,
meemDotabove-ar.init,uni0765.init,,934,SHL,,,
meemDotabove-ar.sindhi,uni0765.sindhi,,935,SHL,sd,SND,cv44=1
meemDotabove-ar.sindhi.fina,uni0765.sindhi.fina,,936,SHL,,,
meemDotbelow-ar,uni0766,0766,937,SHL,,,
meemDotbelow-ar.fina,uni0766.fina,,938,SHL,,,
meemDotbelow-ar.medi,uni0766.medi,,939,SHL,,,
meemDotbelow-ar.init,uni0766.init,,940,SHL,,,
meemDotbelow-ar.sindhi,uni0766.sindhi,,941,SHL,sd,SND,cv44=1
meemDotbelow-ar.sindhi.fina,uni0766.sindhi.fina,,942,SHL,,,
meemThreedotsabove-ar,uni08A7,08A7,943,SH,,,
meemThreedotsabove-ar.fina,uni08A7.fina,,944,SH,,,
meemThreedotsabove-ar.medi,uni08A7.medi,,945,SH,,,
meemThreedotsabove-ar.init,uni08A7.init,,946,SH,,,
meemThreedotsabove-ar.sindhi,uni08A7.sindhi,,947,SH,sd,SND,cv44=1
meemThreedotsabove-ar.sindhi.fina,uni08A7.sindhi.fina,,948,SH,,,
noon-ar,uni0646,0646,949,SHLM,,,
noon-ar.fina,uni0646.fina,,950,SHLM,,,
noon-ar.medi,uni0646.medi,,951,SHLM,,,
noon-ar.init,uni0646.init,,952,SHLM,,,
noonDotbelow-ar,uni06B9,06B9,953,SHL,,,
noonDotbelow-ar.fina,uni06B9.fina,,954,SHL,,,
noonDotbelow-ar.medi,uni06B9.medi,,955,SHL,,,
noonDotbelow-ar.init,uni06B9.init,,956,SHL,,,
noonghunna-ar,uni06BA,06BA,957,SHLM,,,
noonghunna-ar.fina,uni06BA.fina,,958,SHLM,,,
noonghunna-ar.medi,uni06BA.medi,,959,SHLM,,,
noonghunna-ar.init,uni06BA.init,,960,SHLM,,,
rnoon-ar,uni06BB,06BB,961,SHL,,,
rnoon-ar.fina,uni06BB.fina,,962,SHL,,,
rnoon-ar.medi,uni06BB.medi,,963,SHL,,,
rnoon-ar.init,uni06BB.init,,964,SHL,,,
noonRing-ar,uni06BC,06BC,965,SHL,,,
noonRing-ar.fina,uni06BC.fina,,966,SHL,,,
noonRing-ar.medi,uni06BC.medi,,967,SHL,,,
noonRing-ar.init,uni06BC.init,,968,SHL,,,
noonThreedotsabove-ar,uni06BD,06BD,969,SHL,,,
noonThreedotsabove-ar.fina,uni06BD.fina,,970,SHL,,,
noonThreedotsabove-ar.medi,uni06BD.medi,,971,SHL,,,
noonThreedotsabove-ar.init,uni06BD.init,,972,SHL,,,
noonTwodotsbelow-ar,uni0767,0767,973,SHLM,,,
noonTwodotsbelow-ar.fina,uni0767.fina,,974,SHLM,,,
noonTwodotsbelow-ar.medi,uni0767.medi,,975,SHLM,,,
noonTwodotsbelow-ar.init,uni0767.init,,976,SHLM,,,
noonTahabove-ar,uni0768,0768,977,SHL,,,
noonTahabove-ar.fina,uni0768.fina,,978,SHL,,,
noonTahabove-ar.medi,uni0768.medi,,979,SHL,,,
noonTahabove-ar.init,uni0768.init,,980,SHL,,,
noonVabove-ar,uni0769,0769,981,SHL,,,
noonVabove-ar.fina,uni0769.fina,,982,SHL,,,
noonVabove-ar.medi,uni0769.medi,,983,SHL,,,
noonVabove-ar.init,uni0769.init,,984,SHL,,,
noonAfrican-ar,uni08BD,08BD,985,SHM,,,
noonAfrican-ar.fina,uni08BD.fina,,986,SHM,,,
noonAfrican-ar.medi,uni08BD.medi,,987,SHM,,,
noonAfrican-ar.init,uni08BD.init,,988,SHM,,,
heh-ar,uni0647,0647,989,SHLM,,,
heh-ar.fina,uni0647.fina,,990,SHLM,,,
heh-ar.medi,uni0647.medi,,991,SHLM,,,
heh-ar.init,uni0647.init,,992,SHLM,,,
heh-ar.knotted,uni0647.knotted,,993,SHL,"sd,ku","SND,KUR","cv48=1,3"
heh-ar.knottedHigh.fina,uni0647.knottedHigh.fina,,995,SHL,,,"cv48=1,3"
heh-ar.knottedHigh.medi,uni0647.knottedHigh.medi,,996,SHL,,,"cv48=1,3"
heh-ar.hooked.fina,uni0647.hooked.fina,,997,SHL,,,cv48=2
heh-ar.hooked.medi,uni0647.hooked.medi,,998,SHL,,,cv48=2
heh-ar.hooked.init,uni0647.hooked.init,,999,SHL,,,
hehHamzaabove-ar,uni06C0,06C0,1000,SHL,,,
hehHamzaabove-ar.fina,uni06C0.fina,,1001,SHL,,,
hehgoal-ar,uni06C1,06C1,1002,SHL,,,
hehgoal-ar.fina,uni06C1.fina,,1003,SHL,,,
hehgoal-ar.medi,uni06C1.medi,,1004,SHL,,,
hehgoal-ar.init,uni06C1.init,,1005,SHL,,,
hehgoalHamzaabove-ar,uni06C2,06C2,1006,SHL,,,
hehgoalHamzaabove-ar.fina,uni06C2.fina,,1007,SHL,,,
hehgoalHamzaabove-ar.medi,uni06C2.medi,,1008,SHL,,,
hehgoalHamzaabove-ar.init,uni06C2.init,,1009,SHL,,,
hehDoachashmee-ar,uni06BE,06BE,1010,SHL,,,
hehDoachashmee-ar.fina,uni06BE.fina,,1011,SHL,,,
hehDoachashmee-ar.medi,uni06BE.medi,,1012,SHL,,,
hehDoachashmee-ar.init,uni06BE.init,,1013,SHL,,,
hehVinvertedabove-ar,uni06FF,06FF,1014,SHL,,,
hehVinvertedabove-ar.fina,uni06FF.fina,,1015,SHL,,,
hehVinvertedabove-ar.medi,uni06FF.medi,,1016,SHL,,,
hehVinvertedabove-ar.init,uni06FF.init,,1017,SHL,,,
tehMarbuta-ar,uni0629,0629,1018,SHLM,,,
tehMarbuta-ar.fina,uni0629.fina,,1019,SHLM,,,
tehMarbutagoal-ar,uni06C3,06C3,1020,SHL,,,
tehMarbutagoal-ar.fina,uni06C3.fina,,1021,SHL,,,
ae-ar,uni06D5,06D5,1022,SHL,,,
ae-ar.fina,uni06D5.fina,,1023,SHL,,,
waw-ar,uni0648,0648,1024,*,,,
waw-ar.fina,uni0648.fina,,1025,*,,,
highhamzaWaw-ar,uni0676,0676,1026,SHL,,,
highhamzaWaw-ar.fina,uni0676.fina,,1027,SHL,,,
uHamzaabove-ar,uni0677,0677,1028,SHL,,,
uHamzaabove-ar.fina,uni0677.fina,,1029,SHL,,,
uHamzaabove-ar.filled,uni0677.filled,,1030,SHL,,,cv50=1
uHamzaabove-ar.filled.fina,uni0677.filled.fina,,1031,SHL,,,
u-ar,uni06C7,06C7,1032,SHL,,,
u-ar.fina,uni06C7.fina,,1033,SHL,,,
u-ar.filled,uni06C7.filled,,1034,SHL,,,cv50=1
u-ar.filled.fina,uni06C7.filled.fina,,1035,SHL,,,
wawring-ar,uni06C4,06C4,1036,SHL,,,
wawring-ar.fina,uni06C4.fina,,1037,SHL,,,
wawTwodots-ar,uni06CA,06CA,1038,SHL,,,
wawTwodots-ar.fina,uni06CA.fina,,1039,SHL,,,
wawDotabove-ar,uni06CF,06CF,1040,SHL,,,
wawDotabove-ar.fina,uni06CF.fina,,1041,SHL,,,
wawHamzaabove-ar,uni0624,0624,1042,SHLM,,,
wawHamzaabove-ar.fina,uni0624.fina,,1043,SHLM,,,
wawTwoabove-ar,uni0778,0778,1044,SH,,,
wawTwoabove-ar.fina,uni0778.fina,,1045,SH,,,
wawThreeAbove-ar,uni0779,0779,1046,SH,,,
wawThreeAbove-ar.fina,uni0779.fina,,1047,SH,,,
wawDotcenter-ar,uni08AB,08AB,1048,SH,,,
wawDotcenter-ar.fina,uni08AB.fina,,1049,SH,,,
wawStraight-ar,uni08B1,08B1,1050,SH,,,
wawStraight-ar.fina,uni08B1.fina,,1051,SH,,,
kirghizoe-ar,uni06C5,06C5,1052,SHL,,,
kirghizoe-ar.fina,uni06C5.fina,,1053,SHL,,,
oe-ar,uni06C6,06C6,1054,SHLM,,,
oe-ar.fina,uni06C6.fina,,1055,SHLM,,,
yu-ar,uni06C8,06C8,1056,SHLM,,,
yu-ar.fina,uni06C8.fina,,1057,SHLM,,,
kirghizyu-ar,uni06C9,06C9,1058,SHLM,,,
kirghizyu-ar.fina,uni06C9.fina,,1059,SHLM,,,
ve-ar,uni06CB,06CB,1060,SHL,,,
ve-ar.fina,uni06CB.fina,,1061,SHL,,,
alefMaksura-ar,uni0649,0649,1062,SHLM,,,
alefMaksura-ar.fina,uni0649.fina,,1063,SHLM,,,
alefMaksura-ar.medi,uni0649.medi,,1064,SHLM,,,
alefMaksura-ar.init,uni0649.init,,1065,SHLM,,,
aleflow-ar,uni08AD,08AD,1066,SH,,,
yeh-ar,uni064A,064A,1067,SHLM,,,
yeh-ar.fina,uni064A.fina,,1068,SHLM,,,
yeh-ar.medi,uni064A.medi,,1069,SHLM,,,
yeh-ar.init,uni064A.init,,1070,SHLM,,,
yeh-ar.noDots,uni064A.noDots,,1071,*,,,
yeh-ar.noDots.fina,uni064A.noDots.fina,,1072,*,,,
yeh-ar.noDots.medi,uni064A.noDots.medi,,1073,SHLM,,,
yeh-ar.noDots.init,uni064A.noDots.init,,1074,SHLM,,,
yehHamzaabove-ar,uni0626,0626,1075,SHLM,,,
yehHamzaabove-ar.fina,uni0626.fina,,1076,SHLM,,,
yehHamzaabove-ar.medi,uni0626.medi,,1077,SHLM,,,
yehHamzaabove-ar.init,uni0626.init,,1078,SHLM,,,
yehVabove-ar,uni06CE,06CE,1079,SHL,,,
yehVabove-ar.fina,uni06CE.fina,,1080,SHL,,,
yehVabove-ar.medi,uni06CE.medi,,1081,SHL,,,
yehVabove-ar.init,uni06CE.init,,1082,SHL,,,
yehTwodotsbelowHamzaabove-ar,uni08A8,08A8,1083,SHM,,,
yehTwodotsbelowHamzaabove-ar.fina,uni08A8.fina,,1084,SHM,,,
yehTwodotsbelowHamzaabove-ar.medi,uni08A8.medi,,1085,SHM,,,
yehTwodotsbelowHamzaabove-ar.init,uni08A8.init,,1086,SHM,,,
yehTwodotsbelowDotabove-ar,uni08A9,08A9,1087,SHM,,,
yehTwodotsbelowDotabove-ar.fina,uni08A9.fina,,1088,SHM,,,
yehTwodotsbelowDotabove-ar.medi,uni08A9.medi,,1089,SHM,,,
yehTwodotsbelowDotabove-ar.init,uni08A9.init,,1090,SHM,,,
yehVinverted-farsi,uni063D,063D,1091,SHL,,,
yehVinverted-farsi.fina,uni063D.fina,,1092,SHL,,,
yehVinverted-farsi.medi,uni063D.medi,,1093,SHL,,,
yehVinverted-farsi.init,uni063D.init,,1094,SHL,,,
yeh-farsi,uni06CC,06CC,1095,SHLM,,,
yeh-farsi.fina,uni06CC.fina,,1096,SHLM,,,
yeh-farsi.medi,uni06CC.medi,,1097,SHLM,,,
yeh-farsi.init,uni06CC.init,,1098,SHLM,,,
yehTwodotsabove-farsi,uni063E,063E,1099,SH,,,
yehTwodotsabove-farsi.fina,uni063E.fina,,1100,SH,,,
yehTwodotsabove-farsi.medi,uni063E.medi,,1101,SH,,,
yehTwodotsabove-farsi.init,uni063E.init,,1102,SH,,,
yehThreedotsabove-farsi,uni063F,063F,1103,SH,,,
yehThreedotsabove-farsi.fina,uni063F.fina,,1104,SH,,,
yehThreedotsabove-farsi.medi,uni063F.medi,,1105,SH,,,
yehThreedotsabove-farsi.init,uni063F.init,,1106,SH,,,
yehTwoabove-farsi,uni0775,0775,1107,SH,,,
yehTwoabove-farsi.fina,uni0775.fina,,1108,SH,,,
yehTwoabove-farsi.medi,uni0775.medi,,1109,SH,,,
yehTwoabove-farsi.init,uni0775.init,,1110,SH,,,
yehThreeabove-farsi,uni0776,0776,1111,SH,,,
yehThreeabove-farsi.fina,uni0776.fina,,1112,SH,,,
yehThreeabove-farsi.medi,uni0776.medi,,1113,SH,,,
yehThreeabove-farsi.init,uni0776.init,,1114,SH,,,
yehFourbelow-farsi,uni0777,0777,1115,SH,,,
yehFourbelow-farsi.fina,uni0777.fina,,1116,SH,,,
yehFourbelow-farsi.medi,uni0777.medi,,1117,SH,,,
yehFourbelow-farsi.init,uni0777.init,,1118,SH,,,
yehTail-ar,uni06CD,06CD,1119,SHL,,,
yehTail-ar.fina,uni06CD.fina,,1120,SHL,,,
yehKashmiri-ar,uni0620,0620,1121,SH,,,
yehKashmiri-ar.fina,uni0620.fina,,1122,SH,,,
yehKashmiri-ar.medi,uni0620.medi,,1123,SH,,,
yehKashmiri-ar.init,uni0620.init,,1124,SH,,,
e-ar,uni06D0,06D0,1125,SHLM,,,
e-ar.fina,uni06D0.fina,,1126,SHLM,,,
e-ar.medi,uni06D0.medi,,1127,SHLM,,,
e-ar.init,uni06D0.init,,1128,SHLM,,,
yehThreedotsbelow-ar,uni06D1,06D1,1129,SHLM,,,
yehThreedotsbelow-ar.fina,uni06D1.fina,,1130,SHLM,,,
yehThreedotsbelow-ar.medi,uni06D1.medi,,1131,SHLM,,,
yehThreedotsbelow-ar.init,uni06D1.init,,1132,SHLM,,,
yehTwodotsbelowNoonabove-ar,uni08BA,08BA,1133,SH,,,
yehTwodotsbelowNoonabove-ar.fina,uni08BA.fina,,1134,SH,,,
yehTwodotsbelowNoonabove-ar.medi,uni08BA.medi,,1135,SH,,,
yehTwodotsbelowNoonabove-ar.init,uni08BA.init,,1136,SH,,,
yehbarree-ar,uni06D2,06D2,1137,SHLM,,,
yehbarree-ar.fina,uni06D2.fina,,1138,SHL,,,
yehbarreeHamzaabove-ar,uni06D3,06D3,1139,SHLM,,,
yehbarreeHamzaabove-ar.fina,uni06D3.fina,,1140,SHLM,,,
yehbarreeTwoabove-ar,uni077A,077A,1141,SH,,,
yehbarreeTwoabove-ar.fina,uni077A.fina,,1142,SH,,,
yehbarreeTwoabove-ar.medi,uni077A.medi,,1143,SH,,,
yehbarreeTwoabove-ar.init,uni077A.init,,1144,SH,,,
yehbarreeThreeabove-ar,uni077B,077B,1145,SH,,,
yehbarreeThreeabove-ar.fina,uni077B.fina,,1146,SH,,,
yehbarreeThreeabove-ar.medi,uni077B.medi,,1147,SH,,,
yehbarreeThreeabove-ar.init,uni077B.init,,1148,SH,,,
yehRohingya-ar,uni08AC,08AC,1149,SH,,,
yehRohingya-ar.fina,uni08AC.fina,,1150,SH,,,
highhamzaYeh-ar,uni0678,0678,1151,SHL,,,
highhamzaYeh-ar.fina,uni0678.fina,,1152,SHL,,,
highhamzaYeh-ar.medi,uni0678.medi,,1153,SHL,,,
highhamzaYeh-ar.init,uni0678.init,,1154,SHL,,,
kashida-ar,uni0640,0640,1156,*,,,
absAutoKashida,absAutoKashida,,1157,*,,,
sadabove-ar,uni0610,0610,1158,SH,,,
ainabove-ar,uni0611,0611,1159,SH,,,
takhallusabove-ar,uni0614,0614,1160,SHL,,,
tahabove-ar,uni0615,0615,1161,SH,,,
alefLamYehabove-ar,uni0616,0616,1162,SH,,,
zainabove-ar,uni0617,0617,1163,SH,,,
fathasmall-ar,uni0618,0618,1164,SH,,,
dammasmall-ar,uni0619,0619,1165,SH,,,
kasrasmall-ar,uni061A,061A,1166,SH,,,
threedots-ar,uni061E,061E,1167,SHLM,,,
wavyhamzabelow-ar,uni065F,065F,1168,SH,,,
alefabove-ar,uni0670,0670,1169,SHLM,,,
alefabove-ar.large,uni0670.large,,1170,SHL,,,cv76=2
alefbelow-ar,uni0656,0656,1171,SHLM,,,
hamzaabove-ar,uni0654,0654,1172,SHLM,,,
hamzabelow-ar,uni0655,0655,1173,SHLM,,,
fathatan-ar,uni064B,064B,1174,*,,,
dammatan-ar,uni064C,064C,1175,*,,,
dammatan-ar.sixNine,uni064C.sixNine,,1176,SHL,,,cv72=1
kasratan-ar,uni064D,064D,1177,*,,,
kasratan-ar.lowered,uni064D.lowered,,1178,SHM,,,
fatha-ar,uni064E,064E,1179,*,,,
damma-ar,uni064F,064F,1180,*,,,
damma-ar.filled,uni064F.filled,,1181,SHL,,,cv70=2
damma-ar.short,uni064F.short,,1182,SH,,,cv70=1
kasra-ar,uni0650,0650,1183,*,,,
kasra-ar.lowered,uni0650.lowered,,1184,SHM,,,
shadda-ar,uni0651,0651,1185,*,,,
sukun-ar,uni0652,0652,1186,*,,,
sukun-ar.downOpen,uni0652.downOpen,,1187,SHL,,,cv78=1
sukun-ar.leftOpen,uni0652.leftOpen,,1188,SHL,,,cv78=2
madda-ar,uni0653,0653,1189,*,,,
madda-ar.small,uni0653.small,,1190,SH,,,cv60=1
noonghunnaabove-ar,uni0658,0658,1191,SHL,,,
dammainverted-ar,uni0657,0657,1192,SHL,,,
dammainverted-ar.open,uni0657.open,,1193,SH,,,cv74=1
fathaHorizont-ar,uni0659,0659,1194,SHL,,,
vabove-ar,uni065A,065A,1195,SHLM,,,
vinvertedabove-ar,uni065B,065B,1196,SHLM,,,
dotvowelbelow-ar,uni065C,065C,1197,SHLM,,,
dammareversed-ar,uni065D,065D,1198,SHL,,,
fathatwodots-ar,uni065E,065E,1199,SHL,,,
sadLamAlefMaksuraabove-ar,uni06D6,06D6,1200,SHL,,,
qafLamAlefMaksuraabove-ar,uni06D7,06D7,1201,SHL,,,
meemabove-ar,uni06D8,06D8,1202,SHL,,,
meemStopabove-ar,uni06E2,06E2,1203,SHL,,,
lamAlefabove-ar,uni06D9,06D9,1204,SHL,,,
jeemabove-ar,uni06DA,06DA,1205,SHL,,,
threedotsabove-ar,uni06DB,06DB,1206,SHL,,,
seenabove-ar,uni06DC,06DC,1207,SHL,,,
asteriskArt-ar,uni06DE,06DE,1208,SHL,,,
sukunround-ar,uni06DF,06DF,1209,SHL,,,
sukunoval-ar,uni06E0,06E0,1210,SHL,,,
hahabove-ar,uni06E1,06E1,1211,SHL,,,cv92
seenbelow-ar,uni06E3,06E3,1212,SHL,,,
maddalong-ar,uni06E4,06E4,1213,SHL,,,
wawSmall-ar,uni06E5,06E5,1214,SHL,,,
yehbelow-ar,uni06E6,06E6,1215,SHL,,,
yehabove-ar,uni06E7,06E7,1216,SHLM,,,
noonabove-ar,uni06E8,06E8,1217,SHL,,,
sajdah-ar,uni06E9,06E9,1218,SHL,,,
rhombusStopbelow-ar,uni06EA,06EA,1219,SHL,,,
rhombusStopabove-ar,uni06EB,06EB,1220,SHL,,,
dotStopabove-ar,uni06EC,06EC,1221,SHL,,,
meembelow-ar,uni06ED,06ED,1222,SHL,,,
zero-ar,uni0660,0660,1223,SHLM,,,
zero-ar.medium,uni0660.medium,,1224,SHLM,,,
zero-ar.small,uni0660.small,,1225,SHLM,,,
one-ar,uni0661,0661,1226,SHLM,,,
one-ar.medium,uni0661.medium,,1227,SHLM,,,
one-ar.small,uni0661.small,,1228,SHLM,,,
two-ar,uni0662,0662,1229,SHLM,,,
two-ar.medium,uni0662.medium,,1230,SHLM,,,
two-ar.small,uni0662.small,,1231,SHLM,,,
three-ar,uni0663,0663,1232,SHLM,,,
three-ar.medium,uni0663.medium,,1233,SHLM,,,
three-ar.small,uni0663.small,,1234,SHLM,,,
four-ar,uni0664,0664,1235,SHLM,,,
four-ar.medium,uni0664.medium,,1236,SHLM,,,
four-ar.small,uni0664.small,,1237,SHLM,,,
five-ar,uni0665,0665,1238,SHLM,,,
five-ar.medium,uni0665.medium,,1239,SHLM,,,
five-ar.small,uni0665.small,,1240,SHLM,,,
six-ar,uni0666,0666,1241,SHLM,,,
six-ar.medium,uni0666.medium,,1242,SHLM,,,
six-ar.small,uni0666.small,,1243,SHLM,,,
seven-ar,uni0667,0667,1244,SHLM,,,
seven-ar.medium,uni0667.medium,,1245,SHLM,,,
seven-ar.small,uni0667.small,,1246,SHLM,,,
eight-ar,uni0668,0668,1247,SHLM,,,
eight-ar.medium,uni0668.medium,,1248,SHL,,,
eight-ar.small,uni0668.small,,1249,SHL,,,
nine-ar,uni0669,0669,1250,SHLM,,,
nine-ar.medium,uni0669.medium,,1251,SHLM,,,
nine-ar.small,uni0669.small,,1252,SHLM,,,
zero-persian,uni06F0,06F0,1253,SHL,,,
zero-persian.medium,uni06F0.medium,,1254,SHL,,,
zero-persian.small,uni06F0.small,,1255,SHL,,,
one-persian,uni06F1,06F1,1256,SHL,,,
one-persian.medium,uni06F1.medium,,1257,SHL,,,
one-persian.small,uni06F1.small,,1258,SHL,,,
two-persian,uni06F2,06F2,1259,SHL,,,
two-persian.medium,uni06F2.medium,,1260,SHL,,,
two-persian.small,uni06F2.small,,1261,SHL,,,
three-persian,uni06F3,06F3,1262,SHL,,,
three-persian.medium,uni06F3.medium,,1263,SHL,,,
three-persian.small,uni06F3.small,,1264,SHL,,,
four-persian,uni06F4,06F4,1265,SHL,,,
four-persian.medium,uni06F4.medium,,1266,SHL,,,
four-persian.small,uni06F4.small,,1267,SHL,,,
four-persian.urdu,uni06F4.urdu,,1268,SHL,ur,URD,cv82=2
four-persian.urdu.medium,uni06F4.urdu.medium,,1269,SHL,ur,URD,
four-persian.urdu.small,uni06F4.urdu.small,,1270,SHL,ur,URD,
four-persian.roh,uni06F4.roh,,1271,SH,rhg,,cv82=4
four-persian.roh.medium,uni06F4.roh.medium,,1272,SH,rhg,,
four-persian.roh.small,uni06F4.roh.small,,1273,SH,rhg,,
five-persian,uni06F5,06F5,1274,SHL,,,
five-persian.medium,uni06F5.medium,,1275,SHL,,,
five-persian.small,uni06F5.small,,1276,SHL,,,
six-persian,uni06F6,06F6,1277,SHL,,,
six-persian.medium,uni06F6.medium,,1278,SHL,,,
six-persian.small,uni06F6.small,,1279,SHL,,,
six-persian.urdu,uni06F6.urdu,,1280,SHL,"sd,ur,rhg","SND,URD","cv82=1,2,4"
six-persian.urdu.medium,uni06F6.urdu.medium,,1281,SHL,"sd,ur,rhg","SND,URD",
six-persian.urdu.small,uni06F6.urdu.small,,1282,SHL,"sd,ur,rhg","SND,URD",
seven-persian,uni06F7,06F7,1283,SHL,,,
seven-persian.medium,uni06F7.medium,,1284,SHL,,,
seven-persian.small,uni06F7.small,,1285,SHL,,,
seven-persian.urdu,uni06F7.urdu,,1286,SHL,"sd,ur,rhg","SND,URD","cv82=1,2,4"
seven-persian.urdu.medium,uni06F7.urdu.medium,,1287,SHL,"sd,ur,rhg","SND,URD",
seven-persian.urdu.small,uni06F7.urdu.small,,1288,SHL,"sd,ur,rhg","SND,URD",
eight-persian,uni06F8,06F8,1289,SHL,,,
eight-persian.medium,uni06F8.medium,,1290,SHL,,,
eight-persian.small,uni06F8.small,,1291,SHL,,,
nine-persian,uni06F9,06F9,1292,SHL,,,
nine-persian.medium,uni06F9.medium,,1293,SHL,,,
nine-persian.small,uni06F9.small,,1294,SHL,,,
fullstop-ar,uni06D4,06D4,1295,SHL,,,
comma-ar,uni060C,060C,1296,*,,,
comma-ar.downward,uni060C.downward,,1297,*,,,cv84=1
semicolon-ar,uni061B,061B,1298,SHLM,,,
semicolon-ar.downward,uni061B.downward,,1299,SHLM,,,cv84=1
mark-ar,uni061C,061C,1300,*,,,invs
question-ar,uni061F,061F,1301,*,,,
percent-ar,uni066A,066A,1302,*,,,
number-ar,uni0600,0600,1303,SH,,,
number-ar.2,uni0600.2,,1304,SH,,,
number-ar.3,uni0600.3,,1305,SH,,,
decimalseparator-ar,uni066B,066B,1306,*,,,
thousandseparator-ar,uni066C,066C,1307,SHLM,,,
asterisk-ar,uni066D,066D,1308,SHLM,,,
parenleft-ar,uniFD3E,FD3E,1309,*,,,
parenright-ar,uniFD3F,FD3F,1310,*,,,
year-ar,uni0601,0601,1311,SH,,,
year-ar.2,uni0601.2,,1312,SH,,,
year-ar.3,uni0601.3,,1313,SH,,,
year-ar.4,uni0601.4,,1314,SH,,,
footnotemarker-ar,uni0602,0602,1315,SH,,,
footnotemarker-ar.2,uni0602.2,,1316,SH,,,
pagenumber-ar,uni0603,0603,1317,SH,,,
pagenumber-ar.2,uni0603.2,,1318,SH,,,
pagenumber-ar.3,uni0603.3,,1319,SH,,,
pagenumber-ar.4,uni0603.4,,1320,SH,,,
samvat-ar,uni0604,0604,1321,SH,,,
samvat-ar.2,uni0604.2,,1322,SH,,,
samvat-ar.3,uni0604.3,,1323,SH,,,
samvat-ar.4,uni0604.4,,1324,SH,,,
numbermark-ar,uni0605,0605,1325,SH,,,
numbermark-ar.2,uni0605.2,,1326,SH,,,
numbermark-ar.3,uni0605.3,,1327,SH,,,
numbermark-ar.4,uni0605.4,,1328,SH,,,
cuberoot-ar,uni221B,0606,1329,SH,,,
fourthroot-ar,uni221C,0607,1330,SH,,,
ray-ar,uni0608,0608,1331,SH,,,
perthousand-ar,uni0609,0609,1332,SH,,,
pertenthousand-ar,uni2031,060A,1333,SH,,,
afghani-ar,uni060B,060B,1334,SH,,,
dateseparator-ar,uni060D,060D,1335,SH,,,
verseComma-ar,uni060E,060E,1336,SH,,,
misraComma-ar,uni060F,060F,1337,SH,,,
sindhiampersand-ar,uni06FD,06FD,1338,SHL,,,
sindhipostpositionmen-ar,uni06FE,06FE,1339,SHL,,,
rial,uniFDFC,FDFC,1340,SHL,,,
endofayah-ar,uni06DD,06DD,1341,*,,,
endofayah-ar.2,uni06DD.2,,1342,*,,,
endofayah-ar.3,uni06DD.3,,1343,*,,,
endofayah-ar.alt,uni06DD.alt,,1344,SHL,,,cv80=1
endofayah-ar.altB,uni06DD.altB,,1345,SHL,,,cv80=2
endofayah-ar.alt.2,uni06DD.alt.2,,1346,SHL,,,
endofayah-ar.alt.3,uni06DD.alt.3,,1347,SHL,,,
endofayah-ar.altB.2,uni06DD.altB.2,,1348,SHL,,,
endofayah-ar.altB.3,uni06DD.altB.3,,1349,SHL,,,
dammaturnedbelow-ar,uni08E3,08E3,1350,SH,,,
fathaCurly-ar,uni08E4,08E4,1351,SH,,,
dammaCurly-ar,uni08E5,08E5,1352,SH,,,
kasraCurly-ar,uni08E6,08E6,1353,SH,,,
fathatanCurly-ar,uni08E7,08E7,1354,SH,,,
dammatanCurly-ar,uni08E8,08E8,1355,SH,,,
kasratanCurly-ar,uni08E9,08E9,1356,SH,,,
toneonedotabove-ar,uni08EA,08EA,1357,SH,,,
tonetwodotsabove-ar,uni08EB,08EB,1358,SH,,,
toneloopabove-ar,uni08EC,08EC,1359,SH,,,
toneonedotbelow-ar,uni08ED,08ED,1360,SH,,,
tonetwodotsbelow-ar,uni08EE,08EE,1361,SH,,,
toneloopbelow-ar,uni08EF,08EF,1362,SH,,,
openfathatan-ar,uni08F0,08F0,1363,SH,,,
opendammatan-ar,uni08F1,08F1,1364,SH,,,
openkasratan-ar,uni08F2,08F2,1365,SH,,,
highwaw-ar,uni08F3,08F3,1366,SH,,,
fathaRing-ar,uni08F4,08F4,1367,SH,,,
fathaDotabove-ar,uni08F5,08F5,1368,SH,,,
kasraDotbelow-ar,uni08F6,08F6,1369,SH,,,
leftarrowheadabove-ar,uni08F7,08F7,1370,SH,,,
rightarrowheadabove-ar,uni08F8,08F8,1371,SH,,,
leftarrowheadbelow-ar,uni08F9,08F9,1372,SH,,,
rightarrowheadbelow-ar,uni08FA,08FA,1373,SH,,,
doublerightarrowheadabove-ar,uni08FB,08FB,1374,SH,,,
doublerightarrowheadDotabove-ar,uni08FC,08FC,1375,SH,,,
rightarrowheadDotabove-ar,uni08FD,08FD,1376,SH,,,
dammaDot-ar,uni08FE,08FE,1377,SH,,,
marksidewaysnoonghunna-ar,uni08FF,08FF,1378,SHL,,,# cv92=1
damma_meem-ar,uni064F06E2,064F 06E2,1379,SH,,,
fatha_meem-ar,uni064E06E2,064E 06E2,1380,SH,,,
hamza_fatha-ar,uni0654064E,0654 064E,1381,SHL,,,
hamza_damma-ar,uni0654064F,0654 064F,1382,SHL,,,
hamza_damma-ar.short,uni0654064F.short,,1383,SH,,,cv70=2
hamza_damma-ar.filled,uni0654064F.filled,,1384,SHL,,,cv70=1
kasra_meem-ar,uni065006E2,0650 06E2,1385,SH,,,
shadda_alef-ar,uni06510670,0651 0670,1386,SHLM,,,
shadda_fathatan-ar,uni0651064B,0651 064B,1387,SHLM,,,
shadda_dammatan-ar,uni0651064C,0651 064C,1388,SHLM,,,
shadda_dammatan-ar.sixNine,uni0651064C.sixNine,,1389,SH,,,cv72=1
shadda_kasratan-ar,uni0651064D,0651 064D,1390,SHLM,"sd,ur","SND,URD",cv62
shadda_fatha-ar,uni0651064E,0651 064E,1391,SHLM,,,
shadda_damma-ar,uni0651064F,0651 064F,1392,SHLM,,,
shadda_damma-ar.short,uni0651064F.short,,1393,SH,,,cv70=2
shadda_damma-ar.filled,uni0651064F.filled,,1394,SHL,,,cv70=1
shadda_kasra-ar,uni06510650,0651 0650,1395,SHLM,"sd,ur","SND,URD",cv62
allah-ar,uniFDF2,FDF2,1395.1,*,,,
allah-ar.alt,uniFDF2.alt,,1395.2,H,,,
alef-ar.allah,uni0627.allah,,1395.41,H,,,
alef-ar.allah.fina,uni0627.allah.fina,,1395.42,H,,,
lam-ar.allah1.init,uni0644.allah1.init,,1395.43,H,,,
lam-ar.allah1.medi,uni0644.allah1.medi,,1395.44,H,,,
lam-ar.allah2.medi,uni0644.allah2.medi,,1395.45,H,,,
heh-ar.allah.fina,uni0647.allah.fina,,1395.49,H,,,
hehgoal-ar.allah.fina,uni06C1.allah.fina,,1395.5,H,,,
enquad,uni2000,2000,1396,*,,,
emquad,uni2001,2001,1397,*,,,
enspace,uni2002,2002,1398,*,,,
emspace,uni2003,2003,1399,*,,,
threeperemspace,uni2004,2004,1400,*,,,
fourperemspace,uni2005,2005,1401,*,,,
sixperemspace,uni2006,2006,1402,*,,,
figurespace,uni2007,2007,1403,*,,,
punctuationspace,uni2008,2008,1404,*,,,
thinspace,uni2009,2009,1405,*,,,
hairspace,uni200A,200A,1406,*,,,
zerowidthspace,uni200B,200B,1407,*,,,
zerowidthnonjoiner,uni200C,200C,1408,*,,,invs
zerowidthjoiner,uni200D,200D,1409,*,,,invs
zeroWidthNoBreakSpace,uniFEFF,FEFF,1410,*,,,
lefttorightmark,uni200E,200E,1411,*,,,invs
righttoleftmark,uni200F,200F,1412,*,,,invs
nonbreakinghyphen,uni2011,2011,1413,*,,,
figuredash,figuredash,2012,1414,*,,,
endash,endash,2013,1415,*,,,
emdash,emdash,2014,1416,*,,,
horizontalbar,uni2015,2015,1417,*,,,
quoteleft,quoteleft,2018,1418,*,,,
quoteright,quoteright,2019,1420,*,,,
quotesinglbase,quotesinglbase,201A,1422,*,,,
quotedblleft,quotedblleft,201C,1423,*,,,
quotedblright,quotedblright,201D,1425,*,,,
quotedblbase,quotedblbase,201E,1427,*,,,
dagger,dagger,2020,1428,*,,,
daggerdbl,daggerdbl,2021,1429,*,,,
bullet,bullet,2022,1430,*,,,
ellipsis,ellipsis,2026,1431,*,,,
hyphenationpoint,uni2027,2027,1432,*,,,
lineseparator,uni2028,2028,1433,*,,,
paragraphseparator,uni2029,2029,1434,*,,,
lefttorightembedding,uni202A,202A,1435,*,,,invs
righttoleftembedding,uni202B,202B,1436,*,,,invs
popdirectionalformatting,uni202C,202C,1437,*,,,invs
lefttorightoverride,uni202D,202D,1438,*,,,invs
righttoleftoverride,uni202E,202E,1439,*,,,invs
narrownbspace,uni202F,202F,1440,*,,,
perthousand,perthousand,2030,1441,*,,,
guilsinglleft,guilsinglleft,2039,1442,*,,,
guilsinglright,guilsinglright,203A,1443,*,,,
fraction,fraction,2044,1444,*,,,
wordjoiner,uni2060,2060,1445,*,,,
lefttorightisolate,uni2066,2066,1446,*,,,invs
righttoleftisolate,uni2067,2067,1447,*,,,invs
firststrongisolate,uni2068,2068,1448,*,,,invs
popdirectionalisolate,uni2069,2069,1449,*,,,invs
inhibitformshaping-ar,uni206C,206C,1450,*,,,
activateformshaping-ar,uni206D,206D,1451,*,,,
euro,Euro,20AC,1452,*,,,
trademark,trademark,2122,1453,*,,,
Ohm,Omega,2126,1454,*,,,
partialdiff,partialdiff,2202,1455,*,,,
partialdiff.rtl,partialdiff.rtl,,1456,*,,,
Delta,Delta,2206,1457,*,,,
product,product,220F,1458,*,,,
summation,summation,2211,1459,*,,,
summation.rtl,summation.rtl,,1460,*,,,
minus,minus,2212,1461,*,,,
bulletoperator,uni2219,2219,1462,*,,,
radical,radical,221A,1463,SH,,,
radical.rtl,radical.rtl,,1464,SH,,,
infinity,infinity,221E,1465,*,,,
integral,integral,222B,1466,*,,,
integral.rtl,integral.rtl,,1467,*,,,
approxequal,approxequal,2248,1468,*,,,
approxequal.rtl,approxequal.rtl,,1469,*,,,
notequal,notequal,2260,1470,*,,,
notequal.rtl,notequal.rtl,,1471,*,,,
lessequal,lessequal,2264,1472,*,,,
greaterequal,greaterequal,2265,1473,*,,,
lozenge,lozenge,25CA,1474,*,,,
dottedCircle,uni25CC,25CC,1475,*,,,
FontBslnSideBrngMrkrLft,FontBslnSideBrngMrkrLft,F130,1476,*,,,
FontBslnSideBrngMrkrRt,FontBslnSideBrngMrkrRt,F131,1477,*,,,
fi,fi,FB01,1478,*,,,
fl,fl,FB02,1479,*,,,
VS1,uniFE00,FE00,1480,*,,,invs
VS2,uniFE01,FE01,1481,*,,,invs
VS3,uniFE02,FE02,1482,*,,,invs
VS4,uniFE03,FE03,1483,*,,,invs
VS5,uniFE04,FE04,1484,*,,,invs
VS6,uniFE05,FE05,1485,*,,,invs
VS7,uniFE06,FE06,1486,*,,,invs
VS8,uniFE07,FE07,1487,*,,,invs
VS9,uniFE08,FE08,1488,*,,,invs
VS10,uniFE09,FE09,1489,*,,,invs
VS11,uniFE0A,FE0A,1490,*,,,invs
VS12,uniFE0B,FE0B,1491,*,,,invs
VS13,uniFE0C,FE0C,1492,*,,,invs
VS14,uniFE0D,FE0D,1493,*,,,invs
VS15,uniFE0E,FE0E,1494,*,,,invs
VS16,uniFE0F,FE0F,1495,*,,,invs
objectReplacementCharacter,uniFFFC,FFFC,1496,*,,,
replacementCharacter,uniFFFD,FFFD,1497,*,,,
_bar,_bar,,1498,SHL,,,
_bar2,_bar2,,1499,SH,,,
_damma,_damma,,1500,SHL,,,
_damma.filled,_damma.filled,,1501,SHL,,,
_dot1,_dot1,,1502,SHLM,,,
_dot1_hat,_dot1_hat,,1503,SHLM,,,
_dot1_smallV,_dot1_smallV,,1504,SHL,,,
_dot1_tah,_dot1_tah,,1505,SHL,,,
_dot2h,_dot2h,,1506,SHLM,,,
_dot2h_tah,_dot2h_tah,,1507,SHL,,,
_dot2v,_dot2v,,1508,SHLM,,,
_dot3d,_dot3d,,1509,SHLM,,,
_dot3h,_dot3h,,1510,SHL,,,
_dot3u,_dot3u,,1511,SHLM,,,
_dot4,_dot4,,1513,SHL,,,
_dotCircular,_dotCircular,,1514,SH,,,
_four,_four,,1515,SH,,,
_gafBar,_gafBar,,1516,SHLM,,,
_gafBar_dot2h,_gafBar_dot2h,,1517,SHL,,,
_gafBar_dot3u,_gafBar_dot3u,,1518,SHL,,,
_gafBarCenter,_gafBarCenter,,1519,SH,,,
_gafBarShort,_gafBarShort,,1520,SHM,,,
_gafBarShort_dot2h,_gafBarShort_dot2h,,1521,SHL,,,
_gafBarShort_dot3u,_gafBarShort_dot3u,,1522,SHL,,,
_hamza,_hamza,,1523,SHLM,,,
_hamzaDamma,_hamzaDamma,,1524,SHL,,,
_hamzaDamma.filled,_hamzaDamma.filled,,1525,SHL,,,
_hat,_hat,,1526,SHL,,,
_highHamza,_highHamza,,1527,SHLM,,,
_invSmallV,_invSmallV,,1528,SHLM,,,
_lines,_lines,,1529,SHL,,,
_madda,_madda,,1530,SHLM,,,
_madda.small,_madda.small,,1531,SH,,,
_meem,_meem,,1532,SH,,,
_noon,_noon,,1533,SH,,,
_ring,_ring,,1534,SHLM,,,
_smallV,_smallV,,1535,SHLM,,,
_tah,_tah,,1536,SHLM,,,
_teh,_teh,,1537,SH,,,
_three,_three,,1538,SH,,,
_two,_two,,1539,SH,,,
_vline,_vline,,1540,SHLM,,,
_wasla,_wasla,,1541,SHL,,,
_wavyHamza,_wavyHamza,,1542,SHL,,,
